corpus,seed,docs,bin,n_lo,n_facts,frac_stored
Z05_n0,1,10000000,1,1,36087,0.006572718631796076
Z05_n0,1,10000000,2,2,7352,0.016894053063792165
Z05_n0,1,10000000,3-4,3,5151,0.030041240854324403
Z05_n0,1,10000000,5-8,5,3399,0.08242723330850986
Z05_n0,1,10000000,9-16,9,2191,0.15995668091767457
Z05_n0,1,10000000,17-32,17,1418,0.29876855331011987
Z05_n0,1,10000000,33-64,33,896,0.515380859375
Z05_n0,1,10000000,65-128,65,564,0.8862806820700354
Z05_n0,1,10000000,129-256,129,349,0.999755859375
Z05_n0,1,10000000,>=257,257,616,0.999755859375
Z05_n0,2,10000000,1,1,36388,0.007368259067206222
Z05_n0,2,10000000,2,2,7121,0.01913516003501966
Z05_n0,2,10000000,3-4,3,5097,0.037228882722066904
Z05_n0,2,10000000,5-8,5,3387,0.0791771761745276
Z05_n0,2,10000000,9-16,9,2224,0.17151844930305754
Z05_n0,2,10000000,17-32,17,1457,0.303118934186256
Z05_n0,2,10000000,33-64,33,858,0.513741873361014
Z05_n0,2,10000000,65-128,65,578,0.8994098386137543
Z05_n0,2,10000000,129-256,129,355,0.999755859375
Z05_n0,2,10000000,>=257,257,607,0.999755859375
Z05_n0,3,10000000,1,1,36132,0.007975719886457988
Z05_n0,3,10000000,2,2,7327,0.01313104703707179
Z05_n0,3,10000000,3-4,3,5027,0.03556250349674259
Z05_n0,3,10000000,5-8,5,3406,0.0822573273726512
Z05_n0,3,10000000,9-16,9,2176,0.1720904181985294
Z05_n0,3,10000000,17-32,17,1433,0.30540833669530704
Z05_n0,3,10000000,33-64,33,896,0.5354701450892857
Z05_n0,3,10000000,65-128,65,559,0.9049436947953936
Z05_n0,3,10000000,129-256,129,363,0.999755859375
Z05_n0,3,10000000,>=257,257,605,0.999755859375
Z05_n64,1,10000000,1,1,36077,0.005105528139032486
Z05_n64,1,10000000,2,2,7365,0.013333591893669382
Z05_n64,1,10000000,3-4,3,5133,0.02839408263625073
Z05_n64,1,10000000,5-8,5,3459,0.07232018432440734
Z05_n64,1,10000000,9-16,9,2141,0.16743451420918964
Z05_n64,1,10000000,17-32,17,1421,0.26435825205621044
Z05_n64,1,10000000,33-64,33,882,0.4476016643636621
Z05_n64,1,10000000,65-128,65,575,0.9041036854619565
Z05_n64,1,10000000,129-256,129,359,0.999755859375
Z05_n64,1,10000000,>=257,257,608,0.999755859375
Z05_n64,2,10000000,1,1,36102,0.00382765595136696
Z05_n64,2,10000000,2,2,7356,0.012126713099850462
Z05_n64,2,10000000,3-4,3,5122,0.029041294751805936
Z05_n64,2,10000000,5-8,5,3365,0.06156863797826895
Z05_n64,2,10000000,9-16,9,2229,0.1554310500434612
Z05_n64,2,10000000,17-32,17,1423,0.2970151706891251
Z05_n64,2,10000000,33-64,33,886,0.5132998774336908
Z05_n64,2,10000000,65-128,65,567,0.8639533902391975
Z05_n64,2,10000000,129-256,129,353,0.9969229981851983
Z05_n64,2,10000000,>=257,257,612,0.999755859375
Z05_n64,3,10000000,1,1,36385,0.004565533691339151
Z05_n64,3,10000000,2,2,7330,0.014762680657401092
Z05_n64,3,10000000,3-4,3,5099,0.02819280779625907
Z05_n64,3,10000000,5-8,5,3452,0.0773920123298088
Z05_n64,3,10000000,9-16,9,2215,0.14964299255784425
Z05_n64,3,10000000,17-32,17,1375,0.2906649502840909
Z05_n64,3,10000000,33-64,33,899,0.45025641554852613
Z05_n64,3,10000000,65-128,65,580,0.8876868938577587
Z05_n64,3,10000000,129-256,129,352,0.9969149502840909
Z05_n64,3,10000000,>=257,257,602,0.999755859375
Z10_n0,1,10000000,1,1,2123,0.0021110171705723034
Z10_n0,1,10000000,2,2,572,0.006748866368006993
Z10_n0,1,10000000,3-4,3,439,0.02025699832716401
Z10_n0,1,10000000,5-8,5,333,0.03278889240803303
Z10_n0,1,10000000,9-16,9,245,0.0324089205994898
Z10_n0,1,10000000,17-32,17,179,0.0667949655202514
Z10_n0,1,10000000,33-64,33,130,0.5766789362980769
Z10_n0,1,10000000,65-128,65,90,0.9775336371527777
Z10_n0,1,10000000,129-256,129,62,0.999755859375
Z10_n0,1,10000000,>=257,257,156,0.999755859375
Z10_n0,2,10000000,1,1,2224,0.0020040608138489208
Z10_n0,2,10000000,2,2,521,0.011272174154270634
Z10_n0,2,10000000,3-4,3,444,0.013269372888513514
Z10_n0,2,10000000,5-8,5,346,0.022877246658236993
Z10_n0,2,10000000,9-16,9,241,0.028801502528526972
Z10_n0,2,10000000,17-32,17,181,0.07710392567334254
Z10_n0,2,10000000,33-64,33,121,0.5204170163997934
Z10_n0,2,10000000,65-128,65,97,0.979137302673969
Z10_n0,2,10000000,129-256,129,64,0.999755859375
Z10_n0,2,10000000,>=257,257,153,0.999755859375
Z10_n0,3,10000000,1,1,2265,0.0037293693087748344
Z10_n0,3,10000000,2,2,530,0.007303029186320755
Z10_n0,3,10000000,3-4,3,454,0.01737700474944934
Z10_n0,3,10000000,5-8,5,320,0.018505859375
Z10_n0,3,10000000,9-16,9,245,0.02016402264030612
Z10_n0,3,10000000,17-32,17,189,0.12144898106812169
Z10_n0,3,10000000,33-64,33,129,0.5423915182897286
Z10_n0,3,10000000,65-128,65,90,0.999755859375
Z10_n0,3,10000000,129-256,129,63,0.999755859375
Z10_n0,3,10000000,>=257,257,153,0.999755859375
Z10_n64,1,10000000,1,1,2195,0.002033763703018223
Z10_n64,1,10000000,2,2,551,0.012460033603675136
Z10_n64,1,10000000,3-4,3,440,0.006574041193181818
Z10_n64,1,10000000,5-8,5,319,0.0216994330427116
Z10_n64,1,10000000,9-16,9,259,0.03064389026303089
Z10_n64,1,10000000,17-32,17,175,0.05118443080357143
Z10_n64,1,10000000,33-64,33,123,0.21926805449695122
Z10_n64,1,10000000,65-128,65,89,0.9660479942064607
Z10_n64,1,10000000,129-256,129,63,0.999755859375
Z10_n64,1,10000000,>=257,257,154,0.999755859375
Z10_n64,2,10000000,1,1,2226,0.0020020408664645105
Z10_n64,2,10000000,2,2,537,0.0034802541608473
Z10_n64,2,10000000,3-4,3,438,0.01117138448915525
Z10_n64,2,10000000,5-8,5,326,0.015093282687883436
Z10_n64,2,10000000,9-16,9,274,0.021653669593978103
Z10_n64,2,10000000,17-32,17,179,0.0444485968051676
Z10_n64,2,10000000,33-64,33,119,0.37790711987920167
Z10_n64,2,10000000,65-128,65,89,0.9435760840941011
Z10_n64,2,10000000,129-256,129,65,0.999755859375
Z10_n64,2,10000000,>=257,257,152,0.999755859375
Z10_n64,3,10000000,1,1,2171,0.0015983282833371719
Z10_n64,3,10000000,2,2,533,0.0072605498065197
Z10_n64,3,10000000,3-4,3,457,0.0085085946047593
Z10_n64,3,10000000,5-8,5,318,0.009189821639150943
Z10_n64,3,10000000,9-16,9,275,0.02884676846590909
Z10_n64,3,10000000,17-32,17,177,0.04495359948799435
Z10_n64,3,10000000,33-64,33,119,0.3442936745010504
Z10_n64,3,10000000,65-128,65,90,0.9775336371527777
Z10_n64,3,10000000,129-256,129,66,0.999755859375
Z10_n64,3,10000000,>=257,257,154,0.999755859375
EQ4_n16,1,4000000,1,1,0,
EQ4_n16,1,4000000,2,2,0,
EQ4_n16,1,4000000,3-4,3,1000000,1.8593750000000164e-06
EQ4_n16,1,4000000,5-8,5,0,
EQ4_n16,1,4000000,9-16,9,0,
EQ4_n16,1,4000000,17-32,17,0,
EQ4_n16,1,4000000,33-64,33,0,
EQ4_n16,1,4000000,65-128,65,0,
EQ4_n16,1,4000000,129-256,129,0,
EQ4_n16,1,4000000,>=257,257,0,
EQ4_n16,2,4000000,1,1,0,
EQ4_n16,2,4000000,2,2,0,
EQ4_n16,2,4000000,3-4,3,1000000,1.1859374999999988e-05
EQ4_n16,2,4000000,5-8,5,0,
EQ4_n16,2,4000000,9-16,9,0,
EQ4_n16,2,4000000,17-32,17,0,
EQ4_n16,2,4000000,33-64,33,0,
EQ4_n16,2,4000000,65-128,65,0,
EQ4_n16,2,4000000,129-256,129,0,
EQ4_n16,2,4000000,>=257,257,0,
EQ4_n16,3,4000000,1,1,0,
EQ4_n16,3,4000000,2,2,0,
EQ4_n16,3,4000000,3-4,3,1000000,2.5859375000000003e-05
EQ4_n16,3,4000000,5-8,5,0,
EQ4_n16,3,4000000,9-16,9,0,
EQ4_n16,3,4000000,17-32,17,0,
EQ4_n16,3,4000000,33-64,33,0,
EQ4_n16,3,4000000,65-128,65,0,
EQ4_n16,3,4000000,129-256,129,0,
EQ4_n16,3,4000000,>=257,257,0,
EQ16_n0,1,16000000,1,1,0,
EQ16_n0,1,16000000,2,2,0,
EQ16_n0,1,16000000,3-4,3,0,
EQ16_n0,1,16000000,5-8,5,0,
EQ16_n0,1,16000000,9-16,9,1000000,2.8859375000000022e-05
EQ16_n0,1,16000000,17-32,17,0,
EQ16_n0,1,16000000,33-64,33,0,
EQ16_n0,1,16000000,65-128,65,0,
EQ16_n0,1,16000000,129-256,129,0,
EQ16_n0,1,16000000,>=257,257,0,
EQ16_n0,2,16000000,1,1,0,
EQ16_n0,2,16000000,2,2,0,
EQ16_n0,2,16000000,3-4,3,0,
EQ16_n0,2,16000000,5-8,5,0,
EQ16_n0,2,16000000,9-16,9,1000000,2.8859375000000022e-05
EQ16_n0,2,16000000,17-32,17,0,
EQ16_n0,2,16000000,33-64,33,0,
EQ16_n0,2,16000000,65-128,65,0,
EQ16_n0,2,16000000,129-256,129,0,
EQ16_n0,2,16000000,>=257,257,0,
EQ16_n64,1,16000000,1,1,0,
EQ16_n64,1,16000000,2,2,0,
EQ16_n64,1,16000000,3-4,3,0,
EQ16_n64,1,16000000,5-8,5,0,
EQ16_n64,1,16000000,9-16,9,1000000,0.00017185937499999997
EQ16_n64,1,16000000,17-32,17,0,
EQ16_n64,1,16000000,33-64,33,0,
EQ16_n64,1,16000000,65-128,65,0,
EQ16_n64,1,16000000,129-256,129,0,
EQ16_n64,1,16000000,>=257,257,0,
EQ16_n64,2,16000000,1,1,0,
EQ16_n64,2,16000000,2,2,0,
EQ16_n64,2,16000000,3-4,3,0,
EQ16_n64,2,16000000,5-8,5,0,
EQ16_n64,2,16000000,9-16,9,1000000,5.885937499999999e-05
EQ16_n64,2,16000000,17-32,17,0,
EQ16_n64,2,16000000,33-64,33,0,
EQ16_n64,2,16000000,65-128,65,0,
EQ16_n64,2,16000000,129-256,129,0,
EQ16_n64,2,16000000,>=257,257,0,
EQ32_n0,1,32000000,1,1,0,
EQ32_n0,1,32000000,2,2,0,
EQ32_n0,1,32000000,3-4,3,0,
EQ32_n0,1,32000000,5-8,5,0,
EQ32_n0,1,32000000,9-16,9,0,
EQ32_n0,1,32000000,17-32,17,1000000,7.385937499999998e-05
EQ32_n0,1,32000000,33-64,33,0,
EQ32_n0,1,32000000,65-128,65,0,
EQ32_n0,1,32000000,129-256,129,0,
EQ32_n0,1,32000000,>=257,257,0,
EQ32_n0,2,32000000,1,1,0,
EQ32_n0,2,32000000,2,2,0,
EQ32_n0,2,32000000,3-4,3,0,
EQ32_n0,2,32000000,5-8,5,0,
EQ32_n0,2,32000000,9-16,9,0,
EQ32_n0,2,32000000,17-32,17,1000000,1.5859374999999977e-05
EQ32_n0,2,32000000,33-64,33,0,
EQ32_n0,2,32000000,65-128,65,0,
EQ32_n0,2,32000000,129-256,129,0,
EQ32_n0,2,32000000,>=257,257,0,
