corpus,zipf_a,filler_n,seed,lr,docs,train_tokens,facts_delivered,bits_delivered,obj_loss_bits_indist,ideal_loss_bits,facts_stored,bits_stored,bits_stored_soft,unseen_top1_acc,train_loss_nats,wall_seconds,git_commit,config_hash,obj_loss_bits_indist_fullvocab,unseen_loss_bits,delivered_top1_acc,cooldown
EQ4_n16,,16,1,0.0003,29952,840220,29598,355176,12.14892479156971,11.644592803359991,4.77392578125,57.287109375,1618.6213444087025,0.00015,5.108044147491455,4.007062196731567,4d99018688fa,063d508665bc,12.174950353565215,12.15209958577156,0.0004054327995134,1
EQ4_n16,,16,1,0.0003,50816,1425461,49868,598416,12.169817146143911,11.40172987353551,9.8251953125,117.90234375,2147.3158962270736,0.00025,5.130234241485596,7.670402526855469,4d99018688fa,063d508665bc,12.197218127355576,12.17563362956047,0.0004411646747413,1
EQ4_n16,,16,1,0.0003,86272,2419988,83529,1002348,12.150216071224213,10.997749511296382,7.607177734375,91.2861328125,2572.9957187284017,0.0003,5.1070427894592285,13.126967906951904,4d99018688fa,063d508665bc,12.192744712715148,12.166332176399232,0.0003352129200636,1
EQ4_n16,,16,1,0.0003,146304,4102987,138513,1662156,12.168978407082555,10.338346047238574,8.183349609375,98.2001953125,2541.58682042022,0.0003,5.1308135986328125,21.491241693496704,4d99018688fa,063d508665bc,12.267039494366646,12.176376613807678,0.0003032206363301,1
EQ4_n16,,16,1,0.0003,248064,6956893,226022,2712264,12.069901702909467,9.288870841490215,7.81884765625,93.826171875,3080.4109916197776,5e-05,5.081396579742432,34.70138669013977,4d99018688fa,063d508665bc,12.233718194408416,12.07668638677597,0.0002787339285556,1
EQ4_n16,,16,1,0.0003,420608,11796795,358723,4304676,12.055824462342262,7.694461954431807,4.421142578125,53.0537109375,4157.069185120483,0.0001,5.0694990158081055,56.08460354804993,4d99018688fa,063d508665bc,12.220139236454964,12.067382089662551,0.000256465294949,1
EQ4_n16,,16,1,0.0003,713216,20004215,543957,6527484,12.050148685412408,5.470484553005797,28.197998046875,338.3759765625,5100.084074116661,0.0002,5.060319900512695,90.96808743476868,4d99018688fa,063d508665bc,12.21148878841877,12.060983514547347,0.0002959792777737,1
EQ4_n16,,16,1,0.0003,1209472,33921874,763448,9161376,12.034282339835167,2.8424087842032657,38.611328125,463.3359375,4381.499899893955,0.00035,5.090175151824951,141.04415917396545,4d99018688fa,063d508665bc,12.20579339688778,12.04146080698967,0.000294715553646,1
EQ4_n16,,16,1,0.0003,2050944,57521504,943705,11324460,12.029582014350892,0.676453370089572,32.603271484375,391.2392578125,6588.765340200655,0.0002,5.083497524261475,219.43695092201236,4d99018688fa,063d508665bc,12.200303993816377,12.043785673046113,0.0002786887851606,1
EQ4_n16,,16,1,0.0003,3477760,97539283,999706,11996472,12.026764459762571,0.0034867232164664,35.93115234375,431.173828125,-13986.479367794627,0.0,5.072851181030273,348.0227258205414,4d99018688fa,063d508665bc,12.177116039791107,11.997007515965675,0.0002800823442091,1
EQ4_n16,,16,1,0.0003,4000000,112186180,1000000,12000000,12.024485394482612,0.0,1.859375,22.3125,,,5.07139253616333,419.8311984539032,4d99018688fa,063d508665bc,12.177272406396868,,0.000246,1
EQ4_n16,,16,2,0.0003,29952,840413,29612,355344,12.156313138871193,11.644592803359991,7.7705078125,93.24609375,1407.563656963921,0.00025,5.107424259185791,4.194162368774414,4d99018688fa,32fc9e17ea83,12.180803189964294,12.153322107076646,0.0005065513980818,1
EQ4_n16,,16,2,0.0003,50816,1425518,49847,598164,12.163577128887177,11.40172987353551,3.830322265625,45.9638671875,1973.8474457883367,0.0001,5.1117262840271,7.740675449371338,4d99018688fa,32fc9e17ea83,12.189801527953149,12.167665465593338,0.0003209822055489,1
EQ4_n16,,16,2,0.0003,86272,2420185,83487,1001844,12.158737175760267,10.997749511296382,4.617431640625,55.4091796875,2452.026285636952,0.0003,5.110246658325195,13.217419862747192,4d99018688fa,32fc9e17ea83,12.196438705272676,12.177360775995254,0.0002994478182231,1
EQ4_n16,,16,2,0.0003,146304,4103745,138508,1662096,12.164092647194863,10.338346047238574,11.1845703125,134.21484375,2890.820738463593,0.00035,5.071816921234131,21.763957023620605,4d99018688fa,32fc9e17ea83,12.259692369894982,12.173763259267806,0.0003248909810263,1
EQ4_n16,,16,2,0.0003,248064,6958454,226099,2713188,12.071192313752174,9.288870841490215,4.800048828125,57.6005859375,2718.4008228049715,0.0004,5.062339782714844,33.29744553565979,4d99018688fa,32fc9e17ea83,12.245483225951196,12.07777809381485,0.0002653704793033,1
EQ4_n16,,16,2,0.0003,420608,11798478,358804,4305648,12.05081635386467,7.694461954431807,4.4013671875,52.81640625,3619.476965558817,0.0004,5.114425182342529,51.95645356178284,4d99018688fa,32fc9e17ea83,12.225614563016892,12.059529408311844,0.0002564073979108,1
EQ4_n16,,16,2,0.0003,713216,20005122,543836,6526032,12.045188119006156,5.470484553005797,10.2275390625,122.73046875,3410.713318889815,0.0001,5.080825328826904,81.74490928649902,4d99018688fa,32fc9e17ea83,12.21580991280079,12.055367960166931,0.0002629469178208,1
EQ4_n16,,16,2,0.0003,1209472,33923602,762818,9153816,12.035050569515228,2.8424087842032657,3.76513671875,45.181640625,2816.254148290245,0.0005,5.102603435516357,129.83896112442017,4d99018688fa,32fc9e17ea83,12.215042084946631,12.04117376265526,0.0002490764507392,1
EQ4_n16,,16,2,0.0003,2050944,57524240,943795,11325540,12.01727426178932,0.676453370089572,23.581298828125,282.9755859375,2771.80332871461,0.0004,5.079489231109619,208.671731710434,4d99018688fa,32fc9e17ea83,12.251662605156898,12.023046568918229,0.0002691262403382,1
EQ4_n16,,16,2,0.0003,3477760,97544940,999703,11996436,12.020658211288453,0.0034867232164664,31.931884765625,383.1826171875,-2628.432665105618,0.0033670033670033,5.09370231628418,337.1262140274048,4d99018688fa,32fc9e17ea83,12.240305539965629,12.03450318859884,0.0002760819963529,1
EQ4_n16,,16,2,0.0003,4000000,112191310,1000000,12000000,12.008980567655565,0.0,11.859375,142.3125,,,5.097740173339844,408.67794704437256,4d99018688fa,32fc9e17ea83,12.298501040067674,,0.000256,1
EQ4_n16,,16,3,0.0003,29952,840058,29598,355176,12.163200284628868,11.644592803359991,6.77392578125,81.287109375,1352.9727131682394,0.00015,5.11027193069458,4.041005373001099,4d99018688fa,9ef389da4bf0,12.1814172838068,12.163674160814285,0.0004730049327657,1
EQ4_n16,,16,3,0.0003,50816,1425585,49811,597732,12.15536907549858,11.40172987353551,10.839111328125,130.0693359375,1958.8216763760572,0.0002,5.058813095092773,7.46349024772644,4d99018688fa,9ef389da4bf0,12.188195787892342,12.161030370807648,0.0004617453976029,1
EQ4_n16,,16,3,0.0003,86272,2420264,83484,1001808,12.1651992307806,10.997749511296382,11.6181640625,139.41796875,2166.1439155025478,0.00035,5.085964679718018,12.885715246200562,4d99018688fa,9ef389da4bf0,12.204496193223,12.178925299263,0.0003833069809783,1
EQ4_n16,,16,3,0.0003,146304,4103385,138441,1661292,12.183296166677476,10.338346047238574,7.200927734375,86.4111328125,2980.3140222343936,0.00015,5.089679718017578,21.13313913345337,4d99018688fa,9ef389da4bf0,12.275125697159767,12.186344683790209,0.0002961550407754,1
EQ4_n16,,16,3,0.0003,248064,6957751,225877,2710524,12.080331573991776,9.288870841490215,8.854248046875,106.2509765625,3692.980159323306,0.0001,5.07661247253418,33.29723262786865,4d99018688fa,9ef389da4bf0,12.241434594578743,12.096040280771255,0.0002833400479021,1
EQ4_n16,,16,3,0.0003,420608,11797276,359091,4309092,12.052774018359184,7.694461954431807,22.331298828125,267.9755859375,3510.031760598424,0.0002,5.083659648895264,52.6079363822937,4d99018688fa,9ef389da4bf0,12.218990506181717,12.0632129342556,0.0003063290363723,1
EQ4_n16,,16,3,0.0003,713216,20004803,544448,6533376,12.041172234754562,5.470484553005797,25.078125,300.9375,4686.6639488174405,0.0003,5.09516191482544,84.11317563056946,4d99018688fa,9ef389da4bf0,12.209298582382202,12.056299645900726,0.0002902021864347,1
EQ4_n16,,16,3,0.0003,1209472,33922558,763007,9156084,12.031639605264663,2.8424087842032657,13.718994140625,164.6279296875,4214.4959952454665,0.00015,5.114640235900879,135.50665473937988,4d99018688fa,9ef389da4bf0,12.21704490008354,12.041244683599473,0.000262120793125,1
EQ4_n16,,16,3,0.0003,2050944,57523984,943494,11321928,12.017353187828064,0.676453370089572,40.65478515625,487.857421875,3228.3431231811555,5e-05,5.078571796417236,219.49589467048645,4d99018688fa,9ef389da4bf0,12.246896330752373,12.025110614776612,0.0002872302314588,1
EQ4_n16,,16,3,0.0003,3477760,97541278,999729,11996748,12.030861880521774,0.0034867232164664,33.925537109375,407.1064453125,7216.25606521382,0.0,5.107351779937744,356.5382556915283,4d99018688fa,9ef389da4bf0,12.20094189359665,12.04040081474614,0.0002780753584221,1
EQ4_n16,,16,3,0.0003,4000000,112188656,1000000,12000000,12.032772642593384,0.0,25.859375,310.3125,,,5.092013835906982,431.73961997032166,4d99018688fa,9ef389da4bf0,12.1887899300766,,0.00027,1
Z05_n0,0.5,0,1,0.0003,29952,360728,1353,16236,0.8418094369621589,0.3548094814797857,101.669677734375,1220.0361328125,3069.498398297444,0.00045,0.8272724151611328,4.230652809143066,4d99018688fa,8bcacf20768f,0.8749010109146207,12.862300197076795,0.0753880266075388,1
Z05_n0,0.5,0,1,0.0003,50816,612248,1908,22896,0.6454589490204753,0.2960042166348513,205.5341796875,2466.41015625,4789.985296760595,0.00035,0.7409998774528503,7.655995607376099,4d99018688fa,8bcacf20768f,0.663157794533006,13.069517254185676,0.1079664570230607,1
Z05_n0,0.5,0,1,0.0003,86272,1039927,2709,32508,0.528119421997371,0.2466408394191231,326.338623046875,3916.0634765625,6610.327090073293,5e-05,0.7307258248329163,12.149739265441896,4d99018688fa,8bcacf20768f,0.5417911294588391,13.038230326843262,0.1207087486157253,1
Z05_n0,0.5,0,1,0.0003,146304,1762730,3879,46548,0.4476112014685768,0.2053409928877354,470.052978515625,5640.6357421875,8566.329223064893,0.00045,0.6813638210296631,18.81183862686157,4d99018688fa,8bcacf20768f,0.4597287541957593,12.636682631409167,0.1214230471771075,1
Z05_n0,0.5,0,1,0.0003,248064,2988870,5475,65700,0.3844754248316654,0.1707191053113317,645.663330078125,7747.9599609375,11366.410209124217,0.0002,0.6592675447463989,29.1609001159668,4d99018688fa,8bcacf20768f,0.3936847233533068,12.643545417773725,0.1181735159817351,1
Z05_n0,0.5,0,1,0.0003,420608,5067254,7750,93000,0.3307341330594596,0.1416838660619881,910.10791015625,10921.294921875,15101.010976923744,5e-05,0.6986409425735474,45.83719158172608,4d99018688fa,8bcacf20768f,0.340246800998282,12.488737582778931,0.1176774193548387,1
Z05_n0,0.5,0,1,0.0003,713216,8592168,10756,129072,0.2836324500222112,0.1173317219163717,1338.3740234375,16060.48828125,20077.056764398323,0.0003,0.7897430658340454,73.52752232551575,4d99018688fa,8bcacf20768f,0.2921702537171162,12.45481762123108,0.1246746002231312,1
Z05_n0,0.5,0,1,0.0003,1209472,14569696,15159,181908,0.2527023559281473,0.09690780792309,1780.299072265625,21363.5888671875,26131.16133997893,0.00015,0.7434558272361755,119.23741674423218,4d99018688fa,8bcacf20768f,0.260698627650213,12.374788133877516,0.1176858631835873,1
Z05_n0,0.5,0,1,0.0003,2050944,24707192,21258,255096,0.230957231915778,0.0797823423159998,2259.81005859375,27117.720703125,31269.91613447188,5e-05,0.661952555179596,195.0942738056183,4d99018688fa,8bcacf20768f,0.2393595246589431,12.300430195331574,0.106548123059554,1
Z05_n0,0.5,0,1,0.0003,3477760,41894555,29800,357600,0.2195703822742194,0.0654225039954715,2747.724609375,32972.6953125,35644.624462350905,0.00035,0.6998469829559326,323.19429659843445,4d99018688fa,8bcacf20768f,0.2286599170523924,12.227113737654689,0.0924496644295302,1
Z05_n0,0.5,0,1,0.0003,5897216,71040650,41712,500544,0.201289903614116,0.053381435263606,3312.81640625,39753.796875,42691.47959198948,0.0002,0.6607509255409241,540.959793806076,4d99018688fa,8bcacf20768f,0.2088954177503286,12.254779580140116,0.0796653241273494,1
Z05_n0,0.5,0,1,0.0003,10000000,120465717,58023,696276,0.1998927605569444,0.0432854858285397,3496.834228515625,41962.0107421875,43906.47087667686,0.0004,0.6641957759857178,910.8820209503174,4d99018688fa,8bcacf20768f,0.2071275318174256,12.313706262159348,0.0605104872205849,1
Z05_n0,0.5,0,2,0.0003,29952,361101,1293,15516,0.8062050508027442,0.3548094814797857,112.684326171875,1352.2119140625,3129.6941005194167,0.0002,0.8061990737915039,4.021926164627075,4d99018688fa,0bf53fde2383,0.842885980462319,13.23123062864542,0.0873936581593194,1
Z05_n0,0.5,0,2,0.0003,50816,612171,1850,22200,0.6452336451273235,0.2960042166348513,209.54833984375,2514.580078125,4795.705435201812,0.00015,0.694659411907196,7.422778367996216,4d99018688fa,0bf53fde2383,0.6622112683127287,13.07972494969368,0.1135135135135135,1
Z05_n0,0.5,0,2,0.0003,86272,1039080,2672,32064,0.535741665580641,0.2466408394191231,314.34765625,3772.171875,6448.841765765986,0.0004,0.7110564112663269,12.326602935791016,4d99018688fa,0bf53fde2383,0.547573121247407,12.941399019360542,0.1178892215568862,1
Z05_n0,0.5,0,2,0.0003,146304,1761936,3827,45924,0.4461502121261758,0.2053409928877354,453.065673828125,5436.7880859375,8616.001080615002,0.00035,0.6943616271018982,19.716068267822266,4d99018688fa,0bf53fde2383,0.4571926927688367,12.692421450805664,0.1186307812908283,1
Z05_n0,0.5,0,2,0.0003,248064,2987544,5456,65472,0.3818223807893802,0.1707191053113317,682.66796875,8192.015625,11382.999312869244,0.0001,0.7219910621643066,30.577367782592773,4d99018688fa,0bf53fde2383,0.39223242127007,12.574663893699649,0.125366568914956,1
Z05_n0,0.5,0,2,0.0003,420608,5066529,7644,91728,0.3269588574181074,0.1416838660619881,909.1337890625,10909.60546875,15338.389385356051,0.00025,0.724114716053009,47.64438319206238,4d99018688fa,0bf53fde2383,0.3362410866700021,12.567880310565233,0.119178440607012,1
Z05_n0,0.5,0,2,0.0003,713216,8590833,10830,129960,0.2831967061657326,0.1173317219163717,1335.35595703125,16024.271484375,20365.477711363797,0.00025,0.7324928641319275,75.59840512275696,4d99018688fa,0bf53fde2383,0.2916783028029632,12.444880377978086,0.1235457063711911,1
Z05_n0,0.5,0,2,0.0003,1209472,14568557,15128,181536,0.2477307844486471,0.09690780792309,1808.306640625,21699.6796875,26318.32377201143,0.0002,0.6988645792007446,122.2444863319397,4d99018688fa,0bf53fde2383,0.2557495580063663,12.348257777881622,0.1197778952934955,1
Z05_n0,0.5,0,2,0.0003,2050944,24708016,21173,254076,0.2291685545572035,0.0797823423159998,2316.830810546875,27801.9697265625,31491.245452519444,0.0002,0.7163246273994446,199.8939435482025,4d99018688fa,0bf53fde2383,0.2365520312265028,12.284629872012138,0.109667973362301,1
Z05_n0,0.5,0,2,0.0003,3477760,41895013,29590,355080,0.2227887889068397,0.0654225039954715,2627.77587890625,31533.310546875,33027.00840282134,0.0003,0.6660525798797607,331.21615505218506,4d99018688fa,0bf53fde2383,0.2435919938362671,12.347612974762916,0.0890503548496113,1
Z05_n0,0.5,0,2,0.0003,5897216,71043560,41531,498372,0.2031207261478996,0.053381435263606,3319.860595703125,39838.3271484375,42703.931702843634,0.00025,0.6968473196029663,552.8801574707031,4d99018688fa,0bf53fde2383,0.2106960249434687,12.222836484265327,0.0801810695624954,1
Z05_n0,0.5,0,2,0.0003,10000000,120473206,58072,696864,0.1975996645678786,0.0432854858285397,3607.822265625,43293.8671875,44526.4094156347,0.0001,0.6580654382705688,926.992405653,4d99018688fa,0bf53fde2383,0.2082994027418652,12.158652984261511,0.0623708499793359,1
Z05_n0,0.5,0,3,0.0003,29952,360368,1340,16080,0.8151029248204853,0.3548094814797857,116.6728515625,1400.07421875,3151.279512176718,0.0004,0.8347959518432617,3.824571371078491,4d99018688fa,082a36bfc8e3,0.8502800458980557,13.130664393508434,0.0873134328358209,1
Z05_n0,0.5,0,3,0.0003,50816,612148,1864,22368,0.6499696211451993,0.2960042166348513,199.544921875,2394.5390625,4635.752320617684,0.0002,0.7009007930755615,6.8959503173828125,4d99018688fa,082a36bfc8e3,0.6697997262412905,13.11447176938057,0.1072961373390558,1
Z05_n0,0.5,0,3,0.0003,86272,1038977,2674,32088,0.534829839966104,0.2466408394191231,324.34716796875,3892.166015625,6390.140484514642,0.00015,0.7118495106697083,11.244065284729004,4d99018688fa,082a36bfc8e3,0.5493142545048674,12.622623872375488,0.1215407629020194,1
Z05_n0,0.5,0,3,0.0003,146304,1762635,3805,45660,0.4560895865586417,0.2053409928877354,463.071044921875,5556.8525390625,8394.893587552751,0.00015,0.6555516719818115,17.658425331115723,4d99018688fa,082a36bfc8e3,0.4674152563863626,12.747540344703198,0.1219448094612352,1
Z05_n0,0.5,0,3,0.0003,248064,2988225,5397,64764,0.3840499107506995,0.1707191053113317,650.682373046875,7808.1884765625,11358.23231408504,0.0,0.707882285118103,27.629127264022827,4d99018688fa,082a36bfc8e3,0.3933616057116513,12.646333472299576,0.1208078562164165,1
Z05_n0,0.5,0,3,0.0003,420608,5066536,7557,90684,0.3271234887025187,0.1416838660619881,920.155029296875,11041.8603515625,15222.209102166004,0.0002,0.7151563167572021,43.67044806480408,4d99018688fa,082a36bfc8e3,0.3364711957224064,12.51278885884285,0.1220060870715892,1
Z05_n0,0.5,0,3,0.0003,713216,8592299,10676,128112,0.281980973396979,0.1173317219163717,1335.3935546875,16024.72265625,20257.69404205804,0.0002,0.6592095494270325,69.84769034385681,4d99018688fa,082a36bfc8e3,0.290778758834772,12.40633337430954,0.125327838141626,1
Z05_n0,0.5,0,3,0.0003,1209472,14570972,15157,181884,0.2494868439763221,0.09690780792309,1826.299560546875,21915.5947265625,26269.34515607744,0.00025,0.6592292189598083,113.2679660320282,4d99018688fa,082a36bfc8e3,0.2572478890519394,12.375584343850612,0.1207362934617668,1
Z05_n0,0.5,0,3,0.0003,2050944,24706742,21196,254352,0.2314046652434525,0.0797823423159998,2260.8251953125,27129.90234375,31337.65151321408,0.0002,0.6958511471748352,185.76527500152588,4d99018688fa,082a36bfc8e3,0.2386415899815059,12.31114966762066,0.1069069635780335,1
Z05_n0,0.5,0,3,0.0003,3477760,41896201,29671,356052,0.2196162693841443,0.0654225039954715,2620.756103515625,31449.0732421875,34950.61461186419,0.00025,0.784243643283844,308.53665375709534,4d99018688fa,082a36bfc8e3,0.229701378264463,12.203072844719888,0.0885713322773078,1
Z05_n0,0.5,0,3,0.0003,5897216,71040869,41591,499092,0.2017920346648084,0.053381435263606,3229.845947265625,38758.1513671875,42270.58847652847,0.0002,0.6534462571144104,515.1059622764587,4d99018688fa,082a36bfc8e3,0.2093015485116304,12.22265344222784,0.0779014690678271,1
Z05_n0,0.5,0,3,0.0003,10000000,120468414,57924,695088,0.1974651999014909,0.0432854858285397,3608.8583984375,43306.30078125,44869.64630712501,0.0002,0.7035723924636841,862.7590389251709,4d99018688fa,082a36bfc8e3,0.2078387514788401,12.149554343891143,0.0625474760030384,1
Z05_n64,0.5,64,1,0.0003,29952,2277383,1360,16320,1.0041481675273445,0.3548094814797857,62.66796875,752.015625,1921.7965247639063,0.00035,6.039786815643311,4.707085609436035,4d99018688fa,16a388cd54b1,1.0347905914626492,12.666531645357608,0.0463235294117647,1
Z05_n64,0.5,64,1,0.0003,50816,3863955,1920,23040,0.7514005108572345,0.2960042166348513,122.53125,1470.375,3601.415692386332,0.0002,6.028194427490234,8.484144926071167,4d99018688fa,16a388cd54b1,0.7643457899598844,12.856654663896562,0.0640625,1
Z05_n64,0.5,64,1,0.0003,86272,6560177,2726,32712,0.5875935715098688,0.2466408394191231,235.33447265625,2824.013671875,5442.574812431288,0.00035,6.0289082527160645,13.995105743408203,4d99018688fa,16a388cd54b1,0.5979042872906253,12.812932468152049,0.086573734409391,1
Z05_n64,0.5,64,1,0.0003,146304,11125411,3852,46224,0.4926349183482411,0.2053409928877354,360.0595703125,4320.71484375,7069.282822869209,0.00025,6.032932758331299,22.420450687408447,4d99018688fa,16a388cd54b1,0.498456580703167,12.525884163320065,0.0937175493250259,1
Z05_n64,0.5,64,1,0.0003,248064,18863925,5364,64368,0.4102901461871124,0.1707191053113317,525.6904296875,6308.28515625,9539.236685411077,0.00015,6.0100932121276855,35.788485050201416,4d99018688fa,16a388cd54b1,0.4146549464363174,12.523624093008042,0.0982475764354958,1
Z05_n64,0.5,64,1,0.0003,420608,31985012,7607,91284,0.3547475853595832,0.1416838660619881,758.142822265625,9097.7138671875,12838.868259871091,0.00035,6.013081073760986,57.55883979797363,4d99018688fa,16a388cd54b1,0.3588561184488851,12.456883875656128,0.0999079794925726,1
Z05_n64,0.5,64,1,0.0003,713216,54236988,10762,129144,0.303075469251974,0.1173317219163717,1058.37255859375,12700.470703125,17200.662375459713,0.0004,5.999569892883301,93.5737452507019,4d99018688fa,16a388cd54b1,0.3055673535414683,12.401036942005158,0.0985876231183794,1
Z05_n64,0.5,64,1,0.0003,1209472,91974026,15232,182784,0.259184347284279,0.09690780792309,1624.28125,19491.375,23510.69025826887,0.0002,6.012202262878418,153.70442652702332,4d99018688fa,16a388cd54b1,0.2615522139137222,12.2781002161026,0.1068802521008403,1
Z05_n64,0.5,64,1,0.0003,2050944,155965496,21315,255780,0.2458644032412379,0.0797823423159998,1819.796142578125,21837.5537109375,24634.907989268417,0.00015,6.012986183166504,254.73673391342163,4d99018688fa,16a388cd54b1,0.270500056153565,12.409610255098343,0.0856204550785831,1
Z05_n64,0.5,64,1,0.0003,3477760,264471306,29921,359052,0.2190738522375266,0.0654225039954715,2570.695068359375,30848.3408203125,33510.04511219488,0.0003,5.999743938446045,424.5896844863892,4d99018688fa,16a388cd54b1,0.2237124167267371,12.136268924593926,0.0861602219177166,1
Z05_n64,0.5,64,1,0.0003,5897216,448462962,41802,501624,0.2054728192588637,0.053381435263606,3122.79443359375,37473.533203125,40257.59597279584,0.0002,6.021752834320068,712.4446036815643,4d99018688fa,16a388cd54b1,0.206830061315359,12.170279379105567,0.0749485670542079,1
Z05_n64,0.5,64,1,0.0003,10000000,760464699,58020,696240,0.1966155507270598,0.0432854858285397,3293.8349609375,39526.01953125,40023.19312102429,0.0002,6.013533115386963,1199.7604038715365,4d99018688fa,16a388cd54b1,0.2072504716531492,12.10459958651066,0.0570148224750086,1
Z05_n64,0.5,64,2,0.0003,29952,2277525,1370,16440,1.0107943445604848,0.3548094814797857,68.66552734375,823.986328125,2002.0567572415584,0.00045,6.03761625289917,4.68326473236084,4d99018688fa,45e51d3f83d6,1.0439916078011586,12.686581345069408,0.0503649635036496,1
Z05_n64,0.5,64,2,0.0003,50816,3864022,1939,23268,0.789901257377836,0.2960042166348513,106.526611328125,1278.3193359375,3430.0856944866737,0.0002,6.031352519989014,8.448235750198364,4d99018688fa,45e51d3f83d6,0.8077327685764834,13.04268256521225,0.0551830840639504,1
Z05_n64,0.5,64,2,0.0003,86272,6560498,2756,33072,0.6086587933320988,0.2466408394191231,211.3271484375,2535.92578125,5217.950375285421,0.00015,6.017372608184815,13.93342900276184,4d99018688fa,45e51d3f83d6,0.6182080103804627,12.890639354372023,0.0769230769230769,1
Z05_n64,0.5,64,2,0.0003,146304,11126132,3873,46476,0.5109357552471778,0.2053409928877354,309.054443359375,3708.6533203125,6726.529036779752,0.0002,6.033321380615234,22.319127559661865,4d99018688fa,45e51d3f83d6,0.5265124588281245,12.685342878866196,0.0800413116447198,1
Z05_n64,0.5,64,2,0.0003,248064,18864698,5393,64716,0.412961149381453,0.1707191053113317,517.683349609375,6212.2001953125,9430.405026818751,0.00025,5.99492883682251,35.620402574539185,4d99018688fa,45e51d3f83d6,0.4180299199591441,12.572560715079309,0.0962358613016873,1
Z05_n64,0.5,64,2,0.0003,420608,31985771,7631,91572,0.35505296735997,0.1416838660619881,762.136962890625,9145.6435546875,12844.06780363792,0.00035,6.017001628875732,57.26198196411133,4d99018688fa,45e51d3f83d6,0.3590747964481817,12.445140609478951,0.1001179399816537,1
Z05_n64,0.5,64,2,0.0003,713216,54237080,10757,129084,0.3012577345278444,0.1173317219163717,1122.373779296875,13468.4853515625,17329.309510274354,0.0002,6.01110315322876,93.1122658252716,4d99018688fa,45e51d3f83d6,0.3039790344030393,12.389211164832115,0.1045830621920609,1
Z05_n64,0.5,64,2,0.0003,1209472,91975972,15100,181200,0.2627450488622376,0.09690780792309,1619.3134765625,19431.76171875,23078.93654436912,0.0001,6.028219223022461,153.00015807151794,4d99018688fa,45e51d3f83d6,0.2649065059217934,12.304684060764313,0.1074834437086092,1
Z05_n64,0.5,64,2,0.0003,2050944,155966402,21075,252900,0.2434123230524603,0.0797823423159998,1827.854736328125,21934.2568359375,26094.434005927185,0.0002,6.015959739685059,253.6299865245819,4d99018688fa,45e51d3f83d6,0.2650430398402068,12.489996091485024,0.0869750889679715,1
Z05_n64,0.5,64,2,0.0003,3477760,264471041,29667,356004,0.2196138669915887,0.0654225039954715,2528.757080078125,30345.0849609375,33624.83325889032,0.00015,6.022123336791992,422.8134715557098,4d99018688fa,45e51d3f83d6,0.2220534041273316,12.179908835935592,0.0854821855934203,1
Z05_n64,0.5,64,2,0.0003,5897216,448463813,41563,498756,0.2089790251095566,0.053381435263606,3021.852783203125,36262.2333984375,38880.962240433975,0.00015,6.036647796630859,709.595999956131,4d99018688fa,45e51d3f83d6,0.2116433565408734,12.153173430466651,0.0729494983518995,1
Z05_n64,0.5,64,2,0.0003,10000000,760467929,58015,696180,0.1992346988034559,0.0432854858285397,3260.836181640625,39130.0341796875,40019.77133038933,0.00015,6.014361381530762,1194.8992521762848,4d99018688fa,45e51d3f83d6,0.2086023432676931,12.190239919137955,0.0564509178660691,1
Z05_n64,0.5,64,3,0.0003,29952,2277807,1358,16296,1.0157319757541514,0.3548094814797857,60.66845703125,728.021484375,1935.0238886470283,0.0002,6.032418727874756,4.678773403167725,4d99018688fa,6023fb2f08e9,1.0515850699690938,12.710133575034142,0.0449189985272459,1
Z05_n64,0.5,64,3,0.0003,50816,3864437,1933,23196,0.7581069037486782,0.2960042166348513,120.528076171875,1446.3369140625,3545.4983872428443,0.00025,6.014150142669678,8.439178943634033,4d99018688fa,6023fb2f08e9,0.7759654137381504,13.143675450730324,0.0625969994826694,1
Z05_n64,0.5,64,3,0.0003,86272,6560605,2719,32628,0.5976911165793308,0.2466408394191231,230.336181640625,2764.0341796875,5224.5363097743175,0.00025,6.014089584350586,13.927364587783812,4d99018688fa,6023fb2f08e9,0.6054739435340509,12.776908486926557,0.0849577050386171,1
Z05_n64,0.5,64,3,0.0003,146304,11126050,3840,46080,0.493392281105369,0.2053409928877354,343.0625,4116.75,6933.239481453245,0.0004,5.995087146759033,22.30289912223816,4d99018688fa,6023fb2f08e9,0.5027967855504838,12.64662549341917,0.0895833333333333,1
Z05_n64,0.5,64,3,0.0003,248064,18864838,5412,64944,0.4147229535365534,0.1707191053113317,517.6787109375,6212.14453125,9303.749665194817,0.00035,6.020628929138184,35.590461015701294,4d99018688fa,6023fb2f08e9,0.4194729496088064,12.54338156645298,0.0958980044345898,1
Z05_n64,0.5,64,3,0.0003,420608,31985171,7666,91992,0.3609116628057733,0.1416838660619881,741.12841796875,8893.541015625,12505.441744581152,0.0003,6.014374256134033,57.21740007400513,4d99018688fa,6023fb2f08e9,0.3643606734641764,12.44379381620884,0.0969214714322984,1
Z05_n64,0.5,64,3,0.0003,713216,54236899,10779,129348,0.3063898316420147,0.1173317219163717,1062.368408203125,12748.4208984375,16972.438316849177,0.0002,6.003209590911865,93.00913095474245,4d99018688fa,6023fb2f08e9,0.3094238128948007,12.362322595000268,0.0988032284998608,1
Z05_n64,0.5,64,3,0.0003,1209472,91974252,15171,182052,0.2703159219596909,0.09690780792309,1360.296142578125,16323.5537109375,20641.42783713301,0.0003,6.013796329498291,152.7816572189331,4d99018688fa,6023fb2f08e9,0.3042962246998694,12.576954627043008,0.0899083778261156,1
Z05_n64,0.5,64,3,0.0003,2050944,155964987,21296,255552,0.2379533418812054,0.0797823423159998,1997.80078125,23973.609375,27507.7562328786,0.0001,6.015002727508545,253.23308396339417,4d99018688fa,6023fb2f08e9,0.2414855662684518,12.193907672023771,0.0940552216378662,1
Z05_n64,0.5,64,3,0.0003,3477760,264470560,29803,357636,0.2210300015209109,0.0654225039954715,2482.723876953125,29792.6865234375,33766.170011995244,5e-05,6.0220723152160645,422.0874080657959,4d99018688fa,6023fb2f08e9,0.223708006393055,12.198320444083214,0.0835486360433513,1
Z05_n64,0.5,64,3,0.0003,5897216,448462673,41733,500796,0.2097161998794115,0.053381435263606,3025.811279296875,36309.7353515625,38603.20988870668,0.0002,5.992820739746094,708.411036491394,4d99018688fa,6023fb2f08e9,0.2121576753341006,12.20356800584793,0.0727481848896556,1
Z05_n64,0.5,64,3,0.0003,10000000,760466071,58289,699468,0.1997331932891332,0.0432854858285397,3288.769287109375,39465.2314453125,41689.15347245624,0.00015,6.0132246017456055,1192.914935588837,4d99018688fa,6023fb2f08e9,0.206339361923008,12.123369871664048,0.0566659232445229,1
Z10_n0,1.0,0,1,0.0003,29952,360728,245,2940,0.1567256392953816,0.0479035377217211,37.940185546875,455.2822265625,905.4255182827058,0.00015,0.5915374159812927,3.8573739528656006,4d99018688fa,5fa84dbc2f77,0.1700030455400163,13.277094089460372,0.1551020408163265,1
Z10_n0,1.0,0,1,0.0003,50816,612248,318,3816,0.1059105138458656,0.0367758303088764,57.92236328125,695.068359375,1361.4013609527,0.0003,0.5395846962928772,6.950917482376099,4d99018688fa,5fa84dbc2f77,0.1131923126512981,13.845245091548565,0.1823899371069182,1
Z10_n0,1.0,0,1,0.0003,86272,1039927,401,4812,0.0835773194670615,0.0282229890805396,73.902099609375,886.8251953125,1625.438373825785,0.0002,0.5724372267723083,11.29693603515625,4d99018688fa,5fa84dbc2f77,0.0889033000942601,13.47625592303276,0.1845386533665835,1
Z10_n0,1.0,0,1,0.0003,146304,1762730,533,6396,0.0670294947880759,0.0216708868717939,103.869873046875,1246.4384765625,1987.9026831315332,0.0003,0.5081018805503845,17.73937702178955,4d99018688fa,5fa84dbc2f77,0.0710328354960358,13.184632098120453,0.1951219512195122,1
Z10_n0,1.0,0,1,0.0003,248064,2988870,702,8424,0.0542198968161654,0.0166409914701776,131.82861328125,1581.943359375,2271.802305158252,0.00015,0.5055540204048157,27.771886348724365,4d99018688fa,5fa84dbc2f77,0.0571147064977399,12.960192937779428,0.188034188034188,1
Z10_n0,1.0,0,1,0.0003,420608,5067254,905,10860,0.044158505180687,0.0127780636560962,184.779052734375,2217.3486328125,2856.4196450081813,0.00025,0.5230078101158142,43.87792372703552,4d99018688fa,5fa84dbc2f77,0.0461043204770543,12.72114555194378,0.2044198895027624,1
Z10_n0,1.0,0,1,0.0003,713216,8592168,1158,13896,0.0371443779503339,0.0098111180549303,211.71728515625,2540.607421875,3340.492911793642,0.0002,0.5548295974731445,70.3612871170044,4d99018688fa,5fa84dbc2f77,0.038905940076845,12.65694173502326,0.1830742659758203,1
Z10_n0,1.0,0,1,0.0003,1209472,14569696,1523,18276,0.0298469171262998,0.0075324042049669,270.628173828125,3247.5380859375,3998.3561557530384,0.00015,0.5720252394676208,114.30357885360718,4d99018688fa,5fa84dbc2f77,0.0313546562588921,12.625969049477575,0.1779382797110965,1
Z10_n0,1.0,0,1,0.0003,2050944,24707192,1974,23688,0.0256058182920635,0.0057826585744139,312.51806640625,3750.216796875,4554.792783621497,0.0003,0.5217627286911011,187.62836337089536,4d99018688fa,5fa84dbc2f77,0.0267790525477989,12.491554914188384,0.1585612968591692,1
Z10_n0,1.0,0,1,0.0003,3477760,41894555,2564,30768,0.0224097713593565,0.0044390402861205,354.3740234375,4252.48828125,5171.401743271711,0.00025,0.5317479968070984,311.51634788513184,4d99018688fa,5fa84dbc2f77,0.023450814666703,12.38978863106966,0.1384555382215288,1
Z10_n0,1.0,0,1,0.0003,5897216,71040650,3374,40488,0.0207790307213212,0.0034072159603941,397.17626953125,4766.115234375,5542.916744569608,0.0003,0.513781726360321,520.588041305542,4d99018688fa,5fa84dbc2f77,0.0216924878947338,12.311744306135177,0.1179608772969768,1
Z10_n0,1.0,0,1,0.0003,10000000,120465717,4329,51948,0.0191078285930354,0.0026148218208927,428.943115234375,5147.3173828125,5923.1565045127845,0.0003,0.5224612951278687,874.4661121368408,4d99018688fa,5fa84dbc2f77,0.020009622518861,12.273846493506433,0.0993300993300993,1
Z10_n0,1.0,0,2,0.0003,29952,361101,230,2760,0.1529895645174882,0.0479035377217211,36.94384765625,443.326171875,908.3364917046152,0.00025,0.5426630973815918,3.8025946617126474,4d99018688fa,a13a687f5e9c,0.1660117035282473,13.251235518324377,0.1608695652173913,1
Z10_n0,1.0,0,2,0.0003,50816,612171,301,3612,0.1146925124513663,0.0367758303088764,55.926513671875,671.1181640625,1297.4007759144897,0.00045,0.5202394127845764,7.051410913467407,4d99018688fa,a13a687f5e9c,0.1237250689519879,13.512621467339992,0.1860465116279069,1
Z10_n0,1.0,0,2,0.0003,86272,1039080,395,4740,0.0855877010951654,0.0282229890805396,81.903564453125,982.8427734375,1584.0916944640664,0.00025,0.5221682786941528,11.898163318634031,4d99018688fa,a13a687f5e9c,0.0903611148102119,13.21266524311304,0.2075949367088607,1
Z10_n0,1.0,0,2,0.0003,146304,1761936,514,6168,0.0656555185377176,0.0216708868717939,101.87451171875,1222.494140625,1954.0880936448211,0.0002,0.537064254283905,19.135464906692505,4d99018688fa,a13a687f5e9c,0.0692163807247768,13.10963405302763,0.1984435797665369,1
Z10_n0,1.0,0,2,0.0003,248064,2987544,651,7812,0.0546828741388002,0.0166409914701776,131.841064453125,1582.0927734375,2221.871690963295,0.0003,0.5382773876190186,30.49099850654602,4d99018688fa,a13a687f5e9c,0.0575485602708045,13.17071030997038,0.2027649769585253,1
Z10_n0,1.0,0,2,0.0003,420608,5066529,878,10536,0.0452164599720922,0.0127780636560962,169.78564453125,2037.427734375,2688.6844402425377,0.00015,0.5422667264938354,48.89603614807129,4d99018688fa,a13a687f5e9c,0.047359007391128,12.691750436890125,0.1936218678815489,1
Z10_n0,1.0,0,2,0.0003,713216,8590833,1177,14124,0.0356883843671751,0.0098111180549303,218.712646484375,2624.5517578125,3349.971174157566,0.0002,0.5570660829544067,77.88866806030273,4d99018688fa,a13a687f5e9c,0.0372104858821098,12.68076380405426,0.1860662701784197,1
Z10_n0,1.0,0,2,0.0003,1209472,14568557,1537,18444,0.0305115557638357,0.0075324042049669,264.624755859375,3175.4970703125,3871.907947063511,0.00025,0.534564197063446,125.12002897262572,4d99018688fa,a13a687f5e9c,0.0319664111760014,12.677144010567664,0.1724137931034483,1
Z10_n0,1.0,0,2,0.0003,2050944,24708016,2022,24264,0.0256346735372687,0.0057826585744139,315.50634765625,3786.076171875,4480.701884059327,5e-05,0.5599428415298462,204.18810868263245,4d99018688fa,a13a687f5e9c,0.0267793141517587,12.430130963540078,0.1562809099901088,1
Z10_n0,1.0,0,2,0.0003,3477760,41895013,2591,31092,0.0220687367455466,0.0044390402861205,373.367431640625,4480.4091796875,5215.682057180098,0.00015,0.511542022228241,336.83640217781067,4d99018688fa,a13a687f5e9c,0.0230929366743769,12.40838093419075,0.1443458124276341,1
Z10_n0,1.0,0,2,0.0003,5897216,71043560,3382,40584,0.0200156425012899,0.0034072159603941,396.17431640625,4754.091796875,5694.997666036354,0.00025,0.5418220162391663,559.6899693012238,4d99018688fa,a13a687f5e9c,0.0209240151067379,12.338307220745088,0.1173861620342992,1
Z10_n0,1.0,0,2,0.0003,10000000,120473206,4392,52704,0.0188793191080134,0.0026148218208927,419.927734375,5039.1328125,5885.119884911308,0.00025,0.5118462443351746,932.9131939411164,4d99018688fa,a13a687f5e9c,0.0198346779697442,12.264390790247916,0.0958561020036429,1
Z10_n0,1.0,0,3,0.0003,29952,360368,239,2868,0.1545890895952516,0.0479035377217211,38.941650390625,467.2998046875,960.932253732926,0.0003,0.6008731126785278,3.9356319904327393,4d99018688fa,70c097885e1f,0.1688534771833979,12.844870546376706,0.1631799163179916,1
Z10_n0,1.0,0,3,0.0003,50816,612148,309,3708,0.1088762682087395,0.0367758303088764,61.924560546875,743.0947265625,1309.375816342426,0.00015,0.5161520838737488,7.317086935043335,4d99018688fa,70c097885e1f,0.1158799787875112,13.631905223035812,0.2006472491909385,1
Z10_n0,1.0,0,3,0.0003,86272,1038977,405,4860,0.0844396548593847,0.0282229890805396,80.901123046875,970.8134765625,1593.1779479185468,0.00025,0.5166823863983154,12.41708779335022,4d99018688fa,70c097885e1f,0.0891467724377089,13.77268747667074,0.2,1
Z10_n0,1.0,0,3,0.0003,146304,1762635,542,6504,0.0683456715379698,0.0216708868717939,98.86767578125,1186.412109375,1935.483277111844,0.00015,0.4960143268108368,19.814181089401245,4d99018688fa,70c097885e1f,0.0724474506350894,13.694836991393569,0.1826568265682656,1
Z10_n0,1.0,0,3,0.0003,248064,2988225,708,8496,0.0548972094279469,0.0166409914701776,124.8271484375,1497.92578125,2259.53912307548,0.0002,0.5186964869499207,31.468955993652344,4d99018688fa,70c097885e1f,0.0576733994237126,13.113534047228098,0.1765536723163842,1
Z10_n0,1.0,0,3,0.0003,420608,5066536,928,11136,0.0430542424838577,0.0127780636560962,176.7734375,2121.28125,2821.7631583025423,0.00025,0.535760223865509,50.28047966957092,4d99018688fa,70c097885e1f,0.0460520987982937,12.761063769841194,0.1907327586206896,1
Z10_n0,1.0,0,3,0.0003,713216,8592299,1184,14208,0.0355983562269977,0.0098111180549303,219.7109375,2636.53125,3310.878535009773,0.00015,0.5047526955604553,81.93471193313599,4d99018688fa,70c097885e1f,0.0373152082484739,12.62658716673851,0.1858108108108108,1
Z10_n0,1.0,0,3,0.0003,1209472,14570972,1507,18084,0.029602539621939,0.0075324042049669,264.632080078125,3175.5849609375,3991.662152308895,0.00015,0.504676342010498,133.51005125045776,4d99018688fa,70c097885e1f,0.0309926121023832,12.483085959684848,0.1758460517584605,1
Z10_n0,1.0,0,3,0.0003,2050944,24706742,1980,23760,0.0259367070253563,0.0057826585744139,302.5166015625,3630.19921875,4572.766796906584,0.00015,0.5437553524971008,220.1922266483307,4d99018688fa,70c097885e1f,0.0270293392770719,12.551117160469294,0.153030303030303,1
Z10_n0,1.0,0,3,0.0003,3477760,41896201,2560,30720,0.0223698507198327,0.0044390402861205,362.375,4348.5,5238.763564278988,0.00015,0.5699769258499146,366.0600757598877,4d99018688fa,70c097885e1f,0.0235595014946326,12.495394741994142,0.141796875,1
Z10_n0,1.0,0,3,0.0003,5897216,71040869,3405,40860,0.0202990283447601,0.0034072159603941,415.168701171875,4982.0244140625,5735.342366614053,0.00015,0.5033930540084839,600.5902915000916,4d99018688fa,70c097885e1f,0.0212134124489841,12.304462416028976,0.122173274596182,1
Z10_n0,1.0,0,3,0.0003,10000000,120468414,4438,53256,0.0188206141531235,0.0026148218208927,429.91650390625,5158.998046875,6017.821044062459,0.0002,0.5326125025749207,967.16118144989,4d99018688fa,70c097885e1f,0.0197564919458906,12.282652387475968,0.0971158179360072,1
Z10_n64,1.0,64,1,0.0003,29952,2277383,245,2940,0.2346980810191732,0.0479035377217211,26.940185546875,323.2822265625,575.9060441343785,0.0002,6.005341529846191,4.704378128051758,4d99018688fa,240cecc345fd,0.2505470911087282,13.031824039582908,0.110204081632653,1
Z10_n64,1.0,64,1,0.0003,50816,3863955,306,3672,0.1452655782436379,0.0367758303088764,34.92529296875,419.103515625,971.276925644645,0.0002,6.001017093658447,8.523134708404541,4d99018688fa,240cecc345fd,0.1548815722155483,13.364951058602331,0.1143790849673202,1
Z10_n64,1.0,64,1,0.0003,86272,6560177,415,4980,0.1022878853396286,0.0282229890805396,59.898681640625,718.7841796875,1372.6093077240284,0.0002,5.997110843658447,13.996387004852297,4d99018688fa,240cecc345fd,0.1068526451507415,13.383389916074275,0.144578313253012,1
Z10_n64,1.0,64,1,0.0003,146304,11125411,533,6396,0.0798725013160457,0.0216708868717939,86.869873046875,1042.4384765625,1676.9702935986509,0.0004,6.005924701690674,22.36895179748535,4d99018688fa,240cecc345fd,0.0829800776783739,13.270193188762663,0.1632270168855534,1
Z10_n64,1.0,64,1,0.0003,248064,18863925,668,8016,0.0616725509193556,0.0166409914701776,109.8369140625,1318.04296875,1946.3775027601987,0.00015,5.984419822692871,35.63825058937073,4d99018688fa,240cecc345fd,0.0634868425369744,12.606254656738043,0.1646706586826347,1
Z10_n64,1.0,64,1,0.0003,420608,31985012,889,10668,0.0501408241650674,0.0127780636560962,147.782958984375,1773.3955078125,2375.0157956311937,0.00025,5.987462520599365,57.2177197933197,4d99018688fa,240cecc345fd,0.0514280574528309,12.611556334292889,0.1664791901012373,1
Z10_n64,1.0,64,1,0.0003,713216,54236988,1164,13968,0.041607875206051,0.0098111180549303,170.7158203125,2048.58984375,2821.9134016566886,0.0002,5.976655006408691,92.93935799598694,4d99018688fa,240cecc345fd,0.0427660016059555,12.659695659947396,0.1469072164948453,1
Z10_n64,1.0,64,1,0.0003,1209472,91974026,1501,18012,0.0353221597220848,0.0075324042049669,221.633544921875,2659.6025390625,3311.501423048976,0.0002,5.989471912384033,152.60663437843323,4d99018688fa,240cecc345fd,0.0360657412384039,12.410899809646606,0.1479013990672884,1
Z10_n64,1.0,64,1,0.0003,2050944,155965496,1955,23460,0.0289502870676236,0.0057826585744139,273.522705078125,3282.2724609375,3884.3710323775017,0.0004,5.989321708679199,252.84095907211304,4d99018688fa,240cecc345fd,0.0294334957350094,12.330240375161171,0.140153452685422,1
Z10_n64,1.0,64,1,0.0003,3477760,264471306,2593,31116,0.0252280797037452,0.0044390402861205,313.366943359375,3760.4033203125,4520.927138167044,0.0002,5.977267742156982,421.97505140304565,4d99018688fa,240cecc345fd,0.0256834011227818,12.271824741959572,0.1210952564596992,1
Z10_n64,1.0,64,1,0.0003,5897216,448462962,3348,40176,0.0232143457837348,0.0034072159603941,348.1826171875,4178.19140625,4939.914527835189,0.0003,5.996670246124268,707.5018572807312,4d99018688fa,240cecc345fd,0.0235240955934027,12.22193992486,0.1042413381123058,1
Z10_n64,1.0,64,1,0.0003,10000000,760464699,4368,52416,0.022088233400684,0.0026148218208927,367.93359375,4415.203125,5227.633488421135,0.00025,5.992014408111572,1191.5183427333832,4d99018688fa,240cecc345fd,0.0225163033046859,12.23257809627056,0.0844780219780219,1
Z10_n64,1.0,64,2,0.0003,29952,2277525,243,2916,0.2081508020797095,0.0479035377217211,26.940673828125,323.2880859375,620.8292992054585,0.0002,6.000956535339356,4.659855365753174,4d99018688fa,1df8f1218d15,0.2202633603285811,12.926802395883202,0.1111111111111111,1
Z10_n64,1.0,64,2,0.0003,50816,3864022,314,3768,0.1378256459977965,0.0367758303088764,44.92333984375,539.080078125,998.5737603703728,0.00015,5.998917579650879,8.414746761322021,4d99018688fa,1df8f1218d15,0.1461084407812706,13.20294915457964,0.143312101910828,1
Z10_n64,1.0,64,2,0.0003,86272,6560498,405,4860,0.1076850099434802,0.0282229890805396,59.901123046875,718.8134765625,1351.5278019471505,0.0003,5.974907875061035,13.893550872802734,4d99018688fa,1df8f1218d15,0.1135752136089963,13.272804509913922,0.1481481481481481,1
Z10_n64,1.0,64,2,0.0003,146304,11126132,514,6168,0.0743152497163041,0.0216708868717939,90.87451171875,1090.494140625,1652.4724294670723,0.0004,5.997230529785156,22.255796670913696,4d99018688fa,1df8f1218d15,0.077079919110069,13.116889688807726,0.1770428015564202,1
Z10_n64,1.0,64,2,0.0003,248064,18864698,672,8064,0.0634790144807646,0.0166409914701776,111.8359375,1342.03125,1931.1263674153508,0.00035,5.968233585357666,35.522626876831055,4d99018688fa,1df8f1218d15,0.06531350528429,12.861113405501843,0.1666666666666666,1
Z10_n64,1.0,64,2,0.0003,420608,31985771,897,10764,0.0508069374709201,0.0127780636560962,153.781005859375,1845.3720703125,2431.831053217228,0.0004,5.989603996276856,57.104243516922,4d99018688fa,1df8f1218d15,0.05194299115488,12.56936743978262,0.1716833890746934,1
Z10_n64,1.0,64,2,0.0003,713216,54237080,1174,14088,0.0409662260729061,0.0098111180549303,190.71337890625,2288.560546875,2873.0259858555246,0.0002,5.989680767059326,92.8242826461792,4d99018688fa,1df8f1218d15,0.0422443448395603,12.517320946478844,0.1626916524701873,1
Z10_n64,1.0,64,2,0.0003,1209472,91975972,1514,18168,0.034327593864366,0.0075324042049669,224.63037109375,2695.564453125,3408.6536755269617,0.0002,6.002981185913086,152.49552989006042,4d99018688fa,1df8f1218d15,0.0351834321452801,12.477527569703758,0.1486129458388375,1
Z10_n64,1.0,64,2,0.0003,2050944,155966402,1952,23424,0.0289729463661657,0.0057826585744139,267.5234375,3210.28125,3990.123090263674,0.00025,5.989688396453857,252.81627798080444,4d99018688fa,1df8f1218d15,0.0295852187092374,12.342546086132526,0.1372950819672131,1
Z10_n64,1.0,64,2,0.0003,3477760,264471041,2566,30792,0.0245443904942206,0.0044390402861205,320.37353515625,3844.482421875,4695.275285271559,0.00025,5.996035575866699,421.958092212677,4d99018688fa,1df8f1218d15,0.0248996756445773,12.30172369352579,0.1250974279033515,1
Z10_n64,1.0,64,2,0.0003,5897216,448463813,3355,40260,0.0222248364172597,0.0034072159603941,375.180908203125,4502.1708984375,5129.591025868013,0.0002,6.01215410232544,708.3162205219269,4d99018688fa,1df8f1218d15,0.0224967702620561,12.243580899500849,0.1120715350223547,1
Z10_n64,1.0,64,2,0.0003,10000000,760467929,4405,52860,0.0215171437260783,0.0026148218208927,375.924560546875,4511.0947265625,5298.696211241144,0.00035,5.99426794052124,1193.2023613452911,4d99018688fa,1df8f1218d15,0.0217473018379353,12.243438732421398,0.0855845629965947,1
Z10_n64,1.0,64,3,0.0003,29952,2277807,244,2928,0.2490134163442222,0.0479035377217211,23.9404296875,287.28515625,500.00074305609,0.00025,6.005314350128174,4.677977800369263,4d99018688fa,e3b280200177,0.2615004023732757,13.374408837109804,0.0983606557377049,1
Z10_n64,1.0,64,3,0.0003,50816,3864437,328,3936,0.1524465981236596,0.0367758303088764,36.919921875,443.0390625,962.7536615404524,0.0001,5.98411226272583,8.454494953155518,4d99018688fa,e3b280200177,0.1629412713539914,13.27211307014227,0.1128048780487804,1
Z10_n64,1.0,64,3,0.0003,86272,6560605,414,4968,0.10862885882351,0.0282229890805396,58.89892578125,706.787109375,1253.9443353872275,0.00015,5.98805570602417,13.95864486694336,4d99018688fa,e3b280200177,0.1130178705129341,13.491020722520352,0.1425120772946859,1
Z10_n64,1.0,64,3,0.0003,146304,11126050,537,6444,0.0797692660158344,0.0216708868717939,84.868896484375,1018.4267578125,1578.6010565903507,0.0005,5.976446628570557,22.36755657196045,4d99018688fa,e3b280200177,0.083784470874871,13.121422585341334,0.1582867783985102,1
Z10_n64,1.0,64,3,0.0003,248064,18864838,688,8256,0.0620159985176614,0.0166409914701776,114.83203125,1377.984375,1939.049480677728,0.0003,5.985910415649414,35.719608306884766,4d99018688fa,e3b280200177,0.0643379412842128,12.889203492601215,0.1671511627906976,1
Z10_n64,1.0,64,3,0.0003,420608,31985171,893,10716,0.0509584055371917,0.0127780636560962,145.781982421875,1749.3837890625,2350.814407858208,0.00045,5.988432884216309,57.458932876586914,4d99018688fa,e3b280200177,0.0527894268468466,12.744315694987774,0.1634938409854423,1
Z10_n64,1.0,64,3,0.0003,713216,54236899,1170,14040,0.0414339329614612,0.0098111180549303,176.71435546875,2120.572265625,2868.799516733499,0.0003,5.978175163269043,93.47456574440002,4d99018688fa,e3b280200177,0.0427733000983979,12.593066964364052,0.1512820512820512,1
Z10_n64,1.0,64,3,0.0003,1209472,91974252,1514,18168,0.0340315704677725,0.0075324042049669,218.63037109375,2623.564453125,3391.559370761832,0.0001,5.984271049499512,153.64597272872925,4d99018688fa,e3b280200177,0.0347951511740374,12.492485792064668,0.1446499339498018,1
Z10_n64,1.0,64,3,0.0003,2050944,155964987,1998,23976,0.0292474105362212,0.0057826585744139,267.51220703125,3210.146484375,3920.875604233072,0.0001,5.989604949951172,254.78404593467712,4d99018688fa,e3b280200177,0.0297533444496087,12.444735713070632,0.1341341341341341,1
Z10_n64,1.0,64,3,0.0003,3477760,264470560,2552,30624,0.0253932454669555,0.0044390402861205,317.376953125,3808.5234375,4509.82930821369,0.0001,5.996140480041504,425.37996077537537,4d99018688fa,e3b280200177,0.0257457069140865,12.330548617506029,0.1246081504702194,1
Z10_n64,1.0,64,3,0.0003,5897216,448462673,3323,39876,0.0225314474543864,0.0034072159603941,361.188720703125,4334.2646484375,5000.937023363247,0.0001,5.9705119132995605,713.7969031333923,4d99018688fa,e3b280200177,0.0228496437998502,12.253897019338607,0.1089377068913632,1
Z10_n64,1.0,64,3,0.0003,10000000,760466071,4360,52320,0.0211111109862646,0.0026148218208927,378.935546875,4547.2265625,5371.382577878579,0.00015,5.991104602813721,1201.9931104183197,4d99018688fa,e3b280200177,0.0213042521296931,12.195873772847651,0.0871559633027523,1
