corpus,zipf_a,filler_n,seed,lr,docs,train_tokens,facts_delivered,bits_delivered,obj_loss_bits_indist,ideal_loss_bits,facts_stored,bits_stored,bits_stored_soft,unseen_top1_acc,train_loss_nats,wall_seconds,git_commit,config_hash,obj_loss_bits_indist_fullvocab,unseen_loss_bits,delivered_top1_acc,cooldown,model_size,n_params_nonemb,n_params_total,bits_stored_per_param,bits_stored_per_param_total,k_sub,frac_stored,mean_exposures,cap,warmup_docs,facts_with_at_least_cstar_exposures,cap_adequacy,budget_tokens,n_uncapped
U100000,,0,1,0.0003,29952,361043,25878,310536,12.186145113592149,,5.68212890625,68.185546875,1936.8072147117616,0.0003,2.382014513015747,3.933686017990112,b2f56ecef4c4,b8a3013e2f51,12.246980034914015,12.246720329999924,0.0004637143519591,1,L,31524864,34350080,2.162913276168297e-06,1.98501857564815e-06,100000,5.68212890625e-05,0.29952,,,,,,
U100000,,0,1,0.0003,50816,612242,39828,477936,12.166525329928398,,10.2763671875,123.31640625,2238.120799536515,0.0002,2.421750545501709,7.1994733810424805,b2f56ecef4c4,b8a3013e2f51,12.20262852973461,12.23494214963913,0.0005021592849251,1,L,31524864,34350080,3.911718897502619e-06,3.589988909778376e-06,100000,0.000102763671875,0.50816,,,,,,
U100000,,0,1,0.0003,86272,1039177,57841,694092,12.14533549026966,,1.878662109375,22.5439453125,2272.2089999541768,5e-05,2.3760273456573486,11.837541580200195,b2f56ecef4c4,b8a3013e2f51,12.172830270662308,12.208173323631287,0.0002766203903805,1,L,31524864,34350080,7.151163384083116e-07,6.562996450808848e-07,100000,1.878662109375e-05,0.86272,,,,,,
U100000,,0,1,0.0003,146304,1762524,76686,920232,12.0652936861372,,13.27783203125,159.333984375,2679.9164681964885,0.00025,2.39031982421875,18.727380990982056,b2f56ecef4c4,b8a3013e2f51,12.111220610952378,12.134723302030563,0.0004172860756852,1,L,31524864,34350080,5.054232252199407e-06,4.638533138059649e-06,100000,0.0001327783203125,1.46304,,,,,,
U100000,,0,1,0.0003,248064,2988574,91595,1099140,12.020704800748826,,9.637939453125,115.6552734375,2599.1453588440418,0.00035,2.4083809852600098,29.0717716217041,b2f56ecef4c4,b8a3013e2f51,12.09303020029068,12.08816687784195,0.0003493640482559,1,L,31524864,34350080,3.668700154820652e-06,3.366957906284352e-06,100000,9.637939453125e-05,2.48064,,,,,,
U100000,,0,1,0.0003,420608,5066646,98447,1181364,11.995308848485946,,19.965087890625,239.5810546875,2224.2867687220096,0.0004,2.400930404663086,45.49432802200317,b2f56ecef4c4,b8a3013e2f51,12.06817343506813,12.057191496896744,0.000446940993631,1,L,31524864,34350080,7.599749032620727e-06,6.974686949419041e-06,100000,0.0001996508789062,4.20608,,,,,,
U100000,,0,1,0.0003,713216,8591225,99910,1198920,11.985567884221076,,7.60791015625,91.294921875,2328.7523889141085,0.0004,2.3589746952056885,72.1887001991272,b2f56ecef4c4,b8a3013e2f51,12.06567409169674,12.043478043270111,0.0003202882594334,1,L,31524864,34350080,2.8959656059103063e-06,2.6577790175452285e-06,100000,7.60791015625e-05,7.13216,,,,,,
U100000,,0,1,0.0003,1209472,14569179,99999,1199988,11.96264119501114,,19.586181640625,235.0341796875,3647.201798256874,0.00015,2.4089832305908203,115.94590210914612,b2f56ecef4c4,b8a3013e2f51,12.067741894044875,12.045909314012528,0.000440004400044,1,L,31524864,34350080,7.455517641170474e-06,6.842318262068094e-06,100000,0.0001958618164062,12.09472,,,,,,
U100000,,0,1,0.0003,2050944,24704508,100000,1200000,11.957674622187614,,26.5859375,319.03125,3831.5626554489136,0.0004,2.3880109786987305,188.78577828407288,b2f56ecef4c4,b8a3013e2f51,12.077865999298096,12.041241831493378,0.00051,1,L,31524864,34350080,1.011998814649922e-05,9.287642124850946e-06,100000,0.000265859375,20.50944,,,,,,
U100000,,0,1,0.0003,3477760,41895239,100000,1200000,11.52479579277754,,318.5859375,3823.03125,40352.83534049988,0.0002,2.3502914905548096,310.9210512638092,b2f56ecef4c4,b8a3013e2f51,11.633488518257142,12.266355448007584,0.00343,1,L,31524864,34350080,0.0001212703486999,0.0001112961381749,100000,0.003185859375,34.7776,,,,,,
U100000,,0,1,0.0003,5897216,71040298,100000,1200000,0.035111128630791,,99889.5859375,1198675.03125,1176509.801639628,0.0002,1.617846131324768,516.4767825603485,b2f56ecef4c4,b8a3013e2f51,0.0378395242963903,14.462396692490575,0.99914,1,L,31524864,34350080,0.0380231626455232,0.0348958439470883,100000,0.998895859375,58.97216,,,,,,
U100000,,0,1,0.0003,10000000,120465458,100000,1200000,0.002438468724032,,99974.5859375,1199695.03125,1181827.9555548262,0.0004,1.4124406576156616,884.2418534755707,b2f56ecef4c4,b8a3013e2f51,0.002921514151776,14.771253118437528,0.99999,1,L,31524864,34350080,0.038055518058698,0.0349255382010755,100000,0.999745859375,100.0,,,,,,
U100000,,0,2,0.0003,29952,360690,25834,310008,12.19274695113182,,2.69287109375,32.314453125,1589.9866297435756,0.0002,2.4494051933288574,3.981863260269165,b2f56ecef4c4,ee726d3069e0,12.266666244835854,12.24124112238884,0.0003483781063714,1,L,31524864,34350080,1.0250465513507052e-06,9.407388025006056e-07,100000,2.69287109375e-05,0.29952,,,,,,
U100000,,0,2,0.0003,50816,612042,39777,477324,12.173743058567046,,6.288818359375,75.4658203125,1994.6025835535056,0.0002,2.388315439224243,7.301953792572021,b2f56ecef4c4,ee726d3069e0,12.209037226758005,12.231965821456908,0.0004022425019483,1,L,31524864,34350080,2.3938507811643533e-06,2.1969619957944786e-06,100000,6.288818359375e-05,0.50816,,,,,,
U100000,,0,2,0.0003,86272,1038854,57741,692892,12.153033081617355,,6.903076171875,82.8369140625,2209.2713362243176,0.0003,2.4083502292633057,12.51189374923706,b2f56ecef4c4,ee726d3069e0,12.187338083000183,12.210568933296203,0.0003636930430716,1,L,31524864,34350080,2.6276691966855117e-06,2.411549378123719e-06,100000,6.903076171875e-05,0.86272,,,,,,
U100000,,0,2,0.0003,146304,1761780,76879,922548,12.067879053883551,,11.230712890625,134.7685546875,2449.523090536976,0.00015,2.413522958755493,20.21978521347046,b2f56ecef4c4,ee726d3069e0,12.113611885418893,12.134251160907745,0.0003902235981217,1,L,31524864,34350080,4.2749924214581865e-06,3.923384012133305e-06,100000,0.0001123071289062,1.46304,,,,,,
U100000,,0,2,0.0003,248064,2988021,91629,1099548,12.021052219114305,,17.629638671875,211.5556640625,2620.217609064961,0.00035,2.386165142059326,31.204135179519653,b2f56ecef4c4,ee726d3069e0,12.091784311590194,12.088317559814453,0.0004365430158574,1,L,31524864,34350080,6.7107558041328905e-06,6.158811393234019e-06,100000,0.0001762963867187,2.48064,,,,,,
U100000,,0,2,0.0003,420608,5065482,98479,1181748,11.993302617549896,,13.957275390625,167.4873046875,2538.706855896424,0.0004,2.3739283084869385,48.742180585861206,b2f56ecef4c4,ee726d3069e0,12.06971468615532,12.05475028281212,0.0003858690685323,1,L,31524864,34350080,5.312863671275473e-06,4.875892710803003e-06,100000,0.0001395727539062,4.20608,,,,,,
U100000,,0,2,0.0003,713216,8589322,99915,1198980,12.031518862452508,,6.606689453125,79.2802734375,2004.69874973297,0.00025,2.414347887039185,80.08400130271912,b2f56ecef4c4,ee726d3069e0,12.114334159789085,12.085306503963473,0.0003102637241655,1,L,31524864,34350080,2.514849023218625e-06,2.3080084074767803e-06,100000,6.606689453125e-05,7.13216,,,,,,
U100000,,0,2,0.0003,1209472,14567650,99999,1199988,12.00552582174778,,-4.413818359375,-52.9658203125,3091.398350640391,0.0003,2.3826122283935547,132.51977729797363,b2f56ecef4c4,ee726d3069e0,12.133092062048911,12.078294965219497,0.00020000200002,1,L,31524864,34350080,-1.6801284317198009e-06,-1.5419416872537123e-06,100000,-4.413818359375e-05,12.09472,,,,,,
U100000,,0,2,0.0003,2050944,24704434,100000,1200000,11.96922700814724,,24.5859375,295.03125,3810.8189487457257,0.00045,2.458753824234009,207.7756543159485,b2f56ecef4c4,ee726d3069e0,12.016910303196909,12.057983470630646,0.00049,1,L,31524864,34350080,9.358684307091695e-06,8.588953795740796e-06,100000,0.000245859375,20.50944,,,,,,
U100000,,0,2,0.0003,3477760,41894365,100000,1200000,11.897369011573792,,42.5859375,511.03125,9683.593280792236,0.00025,2.392749309539795,332.8664574623108,b2f56ecef4c4,ee726d3069e0,11.999201540064812,12.1014054479599,0.00067,1,L,31524864,34350080,1.6210418861759404e-05,1.487714875773215e-05,100000,0.000425859375,34.7776,,,,,,
U100000,,0,2,0.0003,5897216,71041551,100000,1200000,0.2284233431288352,,98775.5859375,1185307.03125,1156718.8089753138,0.0004,1.6099320650100708,542.0896754264832,b2f56ecef4c4,ee726d3069e0,0.2381930027785955,15.117268175521492,0.988,1,L,31524864,34350080,0.0375991164069732,0.0345066745477739,100000,0.987755859375,58.97216,,,,,,
U100000,,0,2,0.0003,10000000,120467001,100000,1200000,0.0021914222284039,,99975.5859375,1199707.03125,1181341.0267393966,0.00035,1.4478267431259155,895.0282416343689,b2f56ecef4c4,ee726d3069e0,0.0027040748055531,14.705184044495224,1.0,1,L,31524864,34350080,0.0380558987106177,0.03492588754524,100000,0.999755859375,100.0,,,,,,
U10000,,0,1,0.0003,29952,361043,9513,114156,11.3763792043972,,26.677490234375,320.1298828125,5898.62025198176,0.00015,2.321404457092285,3.936607599258423,b2f56ecef4c4,0ef1f20a3e31,11.46136127245903,12.589861456894877,0.0030484600021023,1,L,31524864,34350080,1.0154837870593192e-05,9.319625538353914e-06,10000,0.0026677490234375,2.9952,,,,,,
U10000,,0,1,0.0003,50816,612242,9936,119232,10.523282724540234,,56.57421875,678.890625,13323.76595608101,0.0002,2.3072633743286133,7.198394060134888,b2f56ecef4c4,0ef1f20a3e31,10.59279945175171,12.857540677428243,0.0059380032206119,1,L,31524864,34350080,2.153508497292804e-05,1.9763873184574824e-05,10000,0.005657421875,5.0816,,,,,,
U10000,,0,1,0.0003,86272,1039177,9999,119988,9.1822772091341,,850.558837890625,10206.7060546875,26067.525391196345,0.00035,2.1995630264282227,11.51855969429016,b2f56ecef4c4,0ef1f20a3e31,9.279615617961884,13.03153076529503,0.0853085308530853,1,L,31524864,34350080,0.000323766854464,0.0002971377666278,10000,0.0850558837890625,8.6272,,,,,,
U10000,,0,1,0.0003,146304,1762524,10000,120000,3.668799807779565,,7102.55859375,85230.703125,81024.72159270197,0.0002,1.7075239419937134,18.02669835090637,b2f56ecef4c4,0ef1f20a3e31,3.770562084546425,13.38603122422695,0.7105,1,L,31524864,34350080,0.0027036025635193,0.002481237398137,10000,0.710255859375,14.6304,,,,,,
U10000,,0,1,0.0003,248064,2988611,10000,120000,0.0720192524416735,,9983.55859375,119802.703125,117522.41984971012,0.00015,1.2933413982391355,27.942677974700928,b2f56ecef4c4,0ef1f20a3e31,0.0776172015787253,13.968466272908447,0.9986,1,L,31524864,34350080,0.0038002607441859,0.0034876979362202,10000,0.998355859375,24.8064,,,,,,
U10000,,0,1,0.0003,420608,5066796,10000,120000,0.0048321563300594,,9997.55859375,119970.703125,118593.53048539652,0.0003,1.2534446716308594,44.007563829422,b2f56ecef4c4,0ef1f20a3e31,0.0052223136845217,14.50343722243309,1.0,1,L,31524864,34350080,0.0038055898710617,0.003492588754524,10000,0.999755859375,42.0608,,,,,,
U10000,,0,1,0.0003,713216,8591082,10000,120000,0.0011097068009479,,9997.55859375,119970.703125,118828.12692208176,0.00015,1.2243969440460205,70.15849256515503,b2f56ecef4c4,0ef1f20a3e31,0.0011841623548357,15.124739113098382,1.0,1,L,31524864,34350080,0.0038055898710617,0.003492588754524,10000,0.999755859375,71.3216,,,,,,
U10000,,0,1,0.0003,1209472,14568994,10000,120000,0.0003002577257131,,9997.55859375,119970.703125,119089.1666743904,0.00025,1.2393893003463743,113.46243786811829,b2f56ecef4c4,0ef1f20a3e31,0.0003175207451384,15.97248144452572,1.0,1,L,31524864,34350080,0.0038055898710617,0.003492588754524,10000,0.999755859375,120.9472,,,,,,
U10000,,0,1,0.0003,2050944,24703576,10000,120000,9.137631236073034e-05,,9997.55859375,119970.703125,119290.86459195316,0.0002,1.2336243391036987,185.88793468475345,b2f56ecef4c4,0ef1f20a3e31,9.519950662656157e-05,17.017081045907737,1.0,1,L,31524864,34350080,0.0038055898710617,0.003492588754524,10000,0.999755859375,205.0944,,,,,,
U10000,,0,1,0.0003,3477760,41893019,10000,120000,3.18057218488741e-05,,9997.55859375,119970.703125,119430.93184980564,0.0,1.231111764907837,308.4904341697693,b2f56ecef4c4,0ef1f20a3e31,3.265462165892387e-05,18.393451901721956,1.0,1,L,31524864,34350080,0.0038055898710617,0.003492588754524,10000,0.999755859375,347.776,,,,,,
U10000,,0,1,0.0003,5897216,71037383,10000,120000,1.721933911050627e-05,,9997.55859375,119970.703125,119482.51285167575,0.00015,1.227624535560608,515.3753755092621,b2f56ecef4c4,0ef1f20a3e31,1.7700289910607267e-05,19.71583072180748,1.0,1,L,31524864,34350080,0.0038055898710617,0.003492588754524,10000,0.999755859375,589.7216,,,,,,
U10000,,0,1,0.0003,10000000,120461753,10000,120000,7.323799309337602e-06,,9997.55859375,119970.703125,119646.56184126172,0.00035,1.2132238149642944,864.5957171916962,b2f56ecef4c4,0ef1f20a3e31,7.558960048375667e-06,22.00322806584388,1.0,1,L,31524864,34350080,0.0038055898710617,0.003492588754524,10000,0.999755859375,1000.0,,,,,,
U10000,,0,1,0.0003,29952,361043,9513,114156,11.690362701973916,,21.677490234375,260.1298828125,2945.81310322299,0.0002,2.3598504066467285,3.4033329486846924,b2f56ecef4c4,b2de11d75574,11.776194664011,12.471014232969283,0.0025228634500157,1,M,7993152,9582336,3.254409309525203e-05,2.7146812928757663e-05,10000,0.0021677490234375,2.9952,,,,,,
U10000,,0,1,0.0003,50816,612242,9936,119232,10.99021983435154,,43.57421875,522.890625,8492.973537478638,0.00015,2.3467226028442383,6.067453145980835,b2f56ecef4c4,b2de11d75574,11.059839330718518,12.614478841257096,0.0046296296296296,1,M,7993152,9582336,6.541732535550431e-05,5.456817888665144e-05,10000,0.004357421875,5.0816,,,,,,
U10000,,0,1,0.0003,86272,1039177,9999,119988,10.12539811506033,,149.558837890625,1794.7060546875,16705.948414240884,0.0004,2.2428901195526123,9.94107437133789,b2f56ecef4c4,b2de11d75574,10.207139684507847,12.860702759122848,0.0152015201520152,1,M,7993152,9582336,0.0002245304549053,0.0001872931667901,10000,0.0149558837890625,8.6272,,,,,,
U10000,,0,1,0.0003,146304,1762524,10000,120000,8.305134829093815,,2027.55859375,24330.703125,34421.29046523571,0.00035,2.0848634243011475,15.806691408157349,b2f56ecef4c4,b2de11d75574,8.409610186878442,13.084383030653,0.203,1,M,7993152,9582336,0.0030439435062663,0.0025391202233985,10000,0.202755859375,14.6304,,,,,,
U10000,,0,1,0.0003,248064,2988611,10000,120000,2.5500552305275948,,8787.55859375,105450.703125,92096.69015997648,0.0003,1.505299091339111,24.967710256576535,b2f56ecef4c4,b2de11d75574,2.646127997467443,13.706249118888378,0.879,1,M,7993152,9582336,0.0131926307825748,0.0110046968844548,10000,0.878755859375,24.8064,,,,,,
U10000,,0,1,0.0003,420608,5066796,10000,120000,0.0421919823708603,,9994.55859375,119934.703125,117717.0374988098,0.0002,1.2699785232543943,40.009604930877686,b2f56ecef4c4,b2de11d75574,0.0463378690422693,14.246488408637047,0.9997,1,M,7993152,9582336,0.0150046818983299,0.0125162281018949,10000,0.999455859375,42.0608,,,,,,
U10000,,0,1,0.0003,713216,8591082,10000,120000,0.0046180262396175,,9997.55859375,119970.703125,118385.67316950338,0.0001,1.2293106317520142,64.6618869304657,b2f56ecef4c4,b2de11d75574,0.0050483089761599,14.789760968720913,1.0,1,M,7993152,9582336,0.0150091857536301,0.0125199850146143,10000,0.999755859375,71.3216,,,,,,
U10000,,0,1,0.0003,1209472,14568994,10000,120000,0.001340619492358,,9997.55859375,119970.703125,118619.08244079216,0.0001,1.2420934438705444,105.56728672981262,b2f56ecef4c4,b2de11d75574,0.001443510432566,15.272316436827182,1.0,1,M,7993152,9582336,0.0150091857536301,0.0125199850146143,10000,0.999755859375,120.9472,,,,,,
U10000,,0,1,0.0003,2050944,24703576,10000,120000,0.0004211672245223,,9997.55859375,119970.703125,118807.94695086675,0.0002,1.2338287830352783,173.82806015014648,b2f56ecef4c4,b2de11d75574,0.0004471082178503,15.93078205512911,1.0,1,M,7993152,9582336,0.0150091857536301,0.0125199850146143,10000,0.999755859375,205.0944,,,,,,
U10000,,0,1,0.0003,3477760,41893019,10000,120000,0.0001328510325136,,9997.55859375,119970.703125,119097.91334596075,0.00015,1.2308961153030396,288.45632338523865,b2f56ecef4c4,b2de11d75574,0.0001392322704293,16.806672279560566,1.0,1,M,7993152,9582336,0.0150091857536301,0.0125199850146143,10000,0.999755859375,347.776,,,,,,
U10000,,0,1,0.0003,5897216,71037383,10000,120000,4.760434074127772e-05,,9997.55859375,119970.703125,119219.86926574564,0.00015,1.227989912033081,483.1820271015167,b2f56ecef4c4,b2de11d75574,4.927407326561194e-05,17.916902112713455,1.0,1,M,7993152,9582336,0.0150091857536301,0.0125199850146143,10000,0.999755859375,589.7216,,,,,,
U10000,,0,1,0.0003,10000000,120461753,10000,120000,2.4683069047137e-05,,9997.55859375,119970.703125,119300.2202413604,0.0002,1.212521195411682,812.376720905304,b2f56ecef4c4,b2de11d75574,2.5423904014080988e-05,19.140999049276115,1.0,1,M,7993152,9582336,0.0150091857536301,0.0125199850146143,10000,0.999755859375,1000.0,,,,,,
U10000,,0,1,0.003,29952,361043,9513,114156,11.9570453098011,,2.677490234375,32.1298828125,1807.9390064462184,0.00035,2.349659919738769,2.5443665981292725,b2f56ecef4c4,c7b1f55e9e5e,11.993825515351295,12.761590341091155,0.0005255965520866,1,S,2045568,2972592,1.570707148943472e-05,1.080870930571703e-05,10000,0.0002677490234375,2.9952,,,,,,
U10000,,0,1,0.003,50816,612242,9936,119232,11.876658910017014,,3.57421875,42.890625,2132.742258995819,0.0001,2.3941397666931152,4.447280645370483,b2f56ecef4c4,c7b1f55e9e5e,11.924844610791206,12.860625217676162,0.0006038647342995,1,S,2045568,2972592,2.0967586997841188e-05,1.4428695562660466e-05,10000,0.000357421875,5.0816,,,,,,
U10000,,0,1,0.003,86272,1039177,9999,119988,11.311933917102811,,21.558837890625,258.7060546875,6055.737494605684,0.0003,2.3278136253356934,7.337488412857056,b2f56ecef4c4,c7b1f55e9e5e,11.396621318614482,12.877043018102643,0.0024002400240024,1,S,2045568,2972592,0.0001264715006724,8.703046186207189e-05,10000,0.0021558837890625,8.6272,,,,,,
U10000,,0,1,0.003,146304,1762524,10000,120000,7.623191790740043,,1696.55859375,20358.703125,42252.15295797586,0.00025,2.102903366088867,11.85258960723877,b2f56ecef4c4,c7b1f55e9e5e,7.748694922328293,14.077264176571369,0.1699,1,S,2045568,2972592,0.0099525917129129,0.0068488050580099,10000,0.169655859375,14.6304,,,,,,
U10000,,0,1,0.003,248064,2988611,10000,120000,0.9169550039220188,,8944.55859375,107334.703125,109741.6458850006,0.00015,1.6369833946228027,18.973016023635864,b2f56ecef4c4,c7b1f55e9e5e,0.9440655672009894,16.88033503380418,0.8947,1,S,2045568,2972592,0.0524718333123122,0.0361081181423484,10000,0.894455859375,24.8064,,,,,,
U10000,,0,1,0.003,420608,5066796,10000,120000,0.0891882636618138,,9929.55859375,119154.703125,117969.10473032387,0.0002,1.3095269203186035,30.82980847358704,b2f56ecef4c4,c7b1f55e9e5e,0.0983388159889026,16.932731344723702,0.9932,1,S,2045568,2972592,0.0582501794733785,0.040084445872491,10000,0.992955859375,42.0608,,,,,,
U10000,,0,1,0.003,713216,8591082,10000,120000,0.0361571955545585,,9975.55859375,119706.703125,118299.29449827028,0.0004,1.2309205532073977,50.65421748161316,b2f56ecef4c4,c7b1f55e9e5e,0.0410125912188498,16.62999926969707,0.9978,1,S,2045568,2972592,0.0585200311722709,0.0402701423959292,10000,0.997555859375,71.3216,,,,,,
U10000,,0,1,0.003,1209472,14568994,10000,120000,0.0075865479247795,,9994.55859375,119934.703125,118802.74871395614,0.00015,1.2514920234680176,83.5071370601654,b2f56ecef4c4,c7b1f55e9e5e,0.0096997061784658,17.238262563556432,0.9997,1,S,2045568,2972592,0.0586314916565961,0.040346843133871,10000,0.999455859375,120.9472,,,,,,
U10000,,0,1,0.003,2050944,24703576,10000,120000,0.0052200413760559,,9996.55859375,119958.703125,118643.62513763244,0.00035,1.2396318912506104,138.69652843475342,b2f56ecef4c4,c7b1f55e9e5e,0.0064772584860029,16.383793596291543,0.9999,1,S,2045568,2972592,0.0586432243391566,0.0403549168957596,10000,0.999655859375,205.0944,,,,,,
U10000,,0,1,0.003,3477760,41893019,10000,120000,0.0028892840082457,,9997.55859375,119970.703125,118463.64274861894,0.0002,1.229892373085022,237.67640233039856,b2f56ecef4c4,c7b1f55e9e5e,0.0036636355341132,15.94109504017234,1.0,1,S,2045568,2972592,0.0586490906804369,0.0403589537767039,10000,0.999755859375,347.776,,,,,,
U10000,,0,1,0.003,5897216,71037383,10000,120000,9.754557143156715e-06,,9997.55859375,119970.703125,119450.4467170358,0.00015,1.2291725873947144,401.49508333206177,b2f56ecef4c4,c7b1f55e9e5e,1.274894037173482e-05,22.35982180577517,1.0,1,S,2045568,2972592,0.0586490906804369,0.0403589537767039,10000,0.999755859375,589.7216,,,,,,
U10000,,0,1,0.003,10000000,120461753,10000,120000,3.704276498841239e-05,,9997.55859375,119970.703125,119043.54469244037,0.00015,1.2126612663269043,680.4326066970825,b2f56ecef4c4,c7b1f55e9e5e,4.642522407952924e-05,17.78091389492154,1.0,1,S,2045568,2972592,0.0586490906804369,0.0403589537767039,10000,0.999755859375,1000.0,,,,,,
U10000,,0,2,0.0003,29952,360686,9512,114144,11.383650235745908,,30.677734375,368.1328125,5791.997374493409,0.0002,2.3986048698425293,4.2695701122283936,b2f56ecef4c4,c4df5a75572d,11.463651504461764,12.54868013396263,0.0034693019343986,1,L,31524864,34350080,1.1677538482005822e-05,1.071708748567689e-05,10000,0.0030677734375,2.9952,,,,,,
U10000,,0,2,0.0003,50816,612029,9950,119400,10.439456645951273,,109.57080078125,1314.849609375,14070.373677814006,0.00035,2.2751426696777344,7.510460615158081,b2f56ecef4c4,c4df5a75572d,10.525070010325908,12.778876746034625,0.0112562814070351,1,L,31524864,34350080,4.1708335660861215e-05,3.827791985855637e-05,10000,0.010957080078125,5.0816,,,,,,
U10000,,0,2,0.0003,86272,1038820,9998,119976,8.729852687553167,,1437.55908203125,17250.708984375,30422.95083499904,0.00015,2.174461603164673,11.937299251556396,b2f56ecef4c4,c4df5a75572d,8.823840242045522,13.09489290831089,0.1440288057611522,1,L,31524864,34350080,0.0005472096242627,0.0005022028765107,10000,0.143755908203125,8.6272,,,,,,
U10000,,0,2,0.0003,146304,1761768,10000,120000,2.9037357899747045,,7919.55859375,95034.703125,88667.43005932122,0.00025,1.6663836240768433,18.729540824890137,b2f56ecef4c4,c4df5a75572d,2.992179934440516,13.4293164457798,0.7922,1,L,31524864,34350080,0.0030145951819173,0.0027666515805785,10000,0.791955859375,14.6304,,,,,,
U10000,,0,2,0.0003,248064,2988002,10000,120000,0.0593223990713286,,9985.55859375,119826.703125,117664.02038734849,0.0002,1.2843636274337769,28.757707357406616,b2f56ecef4c4,c4df5a75572d,0.0643143314775626,13.994564557546378,0.9988,1,L,31524864,34350080,0.0038010220480253,0.0034883966245493,10000,0.998555859375,24.8064,,,,,,
U10000,,0,2,0.0003,420608,5065393,10000,120000,0.0042121648233136,,9997.55859375,119970.703125,118616.8560310992,0.0003,1.2375555038452148,44.8141143321991,b2f56ecef4c4,c4df5a75572d,0.0046063221622675,14.503655683636666,1.0,1,L,31524864,34350080,0.0038055898710617,0.003492588754524,10000,0.999755859375,42.0608,,,,,,
U10000,,0,2,0.0003,713216,8589319,10000,120000,0.0010559044148134,,9996.55859375,119958.703125,118806.91578398278,0.0002,1.2420655488967896,71.17990112304688,b2f56ecef4c4,c4df5a75572d,0.0011196643847011,15.105587112356725,0.9999,1,L,31524864,34350080,0.003805209219142,0.0034922394103594,10000,0.999655859375,71.3216,,,,,,
U10000,,0,2,0.0003,1209472,14567148,10000,120000,0.0003062980420776,,9997.55859375,119970.703125,119032.27457734555,0.0002,1.226168155670166,114.5517122745514,b2f56ecef4c4,c4df5a75572d,0.000323159951119,15.90748561079502,1.0,1,L,31524864,34350080,0.0038055898710617,0.003492588754524,10000,0.999755859375,120.9472,,,,,,
U10000,,0,2,0.0003,2050944,24703475,10000,120000,8.639276209321352e-05,,9997.55859375,119970.703125,119304.141684411,0.0002,1.2632341384887695,186.94387888908383,b2f56ecef4c4,c4df5a75572d,9.039959838264123e-05,17.132211991940533,1.0,1,L,31524864,34350080,0.0038055898710617,0.003492588754524,10000,0.999755859375,205.0944,,,,,,
U10000,,0,2,0.0003,3477760,41891289,10000,120000,3.809767871539407e-05,,9997.55859375,119970.703125,119420.96263149718,0.00015,1.210230588912964,308.7764992713928,b2f56ecef4c4,c4df5a75572d,3.950920577746303e-05,18.366216747576,1.0,1,L,31524864,34350080,0.0038055898710617,0.003492588754524,10000,0.999755859375,347.776,,,,,,
U10000,,0,2,0.0003,5897216,71037086,10000,120000,1.561167305507311e-05,,9997.55859375,119970.703125,119571.19283987704,0.0001,1.2170591354370115,514.542763710022,b2f56ecef4c4,c4df5a75572d,1.5953775946428833e-05,20.2021675617218,1.0,1,L,31524864,34350080,0.0038055898710617,0.003492588754524,10000,0.999755859375,589.7216,,,,,,
U10000,,0,2,0.0003,10000000,120466169,10000,120000,8.19225696492282e-06,,9997.55859375,119970.703125,119616.51086052832,0.00025,1.2018331289291382,862.9707276821136,b2f56ecef4c4,c4df5a75572d,8.334318072759573e-06,22.12582624579817,1.0,1,L,31524864,34350080,0.0038055898710617,0.003492588754524,10000,0.999755859375,1000.0,,,,,,
U10000,,0,2,0.0003,29952,360686,9512,114144,11.728320980391503,,16.677734375,200.1328125,2581.2706751808164,0.0008,2.438767194747925,3.481662511825561,b2f56ecef4c4,6ffe868cd4cd,11.797104069256784,12.465466955280304,0.0019974768713204,1,M,7993152,9582336,2.503803411970647e-05,2.0885597468091288e-05,10000,0.0016677734375,2.9952,,,,,,
U10000,,0,2,0.0003,50816,612029,9950,119400,11.040565477392674,,36.57080078125,438.849609375,8165.93079249382,0.0001,2.314337015151977,6.163501501083374,b2f56ecef4c4,6ffe868cd4cd,11.124354276225567,12.55884494895935,0.0039195979899497,1,M,7993152,9582336,5.490319830962804e-05,4.579776887128567e-05,10000,0.003657080078125,5.0816,,,,,,
U10000,,0,2,0.0003,86272,1038820,9998,119976,10.196219432947636,,110.55908203125,1326.708984375,15991.155084973478,0.00015,2.261307001113892,10.064395189285278,b2f56ecef4c4,6ffe868cd4cd,10.272909383118153,12.900036136126518,0.0113022604520904,1,M,7993152,9582336,0.0001659807025282,0.0001384536071762,10000,0.011055908203125,8.6272,,,,,,
U10000,,0,2,0.0003,146304,1761768,10000,120000,8.553114886277914,,1583.55859375,19002.703125,31996.77013897896,0.00025,2.115243673324585,16.123225450515747,b2f56ecef4c4,6ffe868cd4cd,8.656266724587082,13.190849418473244,0.1586,1,M,7993152,9582336,0.0023773729218461,0.0019830971409268,10000,0.158355859375,14.6304,,,,,,
U10000,,0,2,0.0003,248064,2988002,10000,120000,3.0094226645671576,,8444.55859375,101334.703125,87473.61404525489,0.0001,1.5493311882019043,25.465389251708984,b2f56ecef4c4,6ffe868cd4cd,3.1138289719688146,13.688027130770683,0.8447,1,M,7993152,9582336,0.0126776899932592,0.010575156530203,10000,0.844455859375,24.8064,,,,,,
U10000,,0,2,0.0003,420608,5065393,10000,120000,0.0421821354289009,,9996.55859375,119958.703125,117662.63015407872,0.00035,1.2576807737350464,40.7649827003479,b2f56ecef4c4,6ffe868cd4cd,0.0462141110721044,14.253007644242048,0.9999,1,M,7993152,9582336,0.01500768446853,0.0125187327103745,10000,0.999655859375,42.0608,,,,,,
U10000,,0,2,0.0003,713216,8589319,10000,120000,0.0052670187545091,,9997.55859375,119970.703125,118378.58369297996,0.0002,1.246056318283081,66.04177284240723,b2f56ecef4c4,6ffe868cd4cd,0.0057510358326607,14.75779389834404,1.0,1,M,7993152,9582336,0.0150091857536301,0.0125199850146143,10000,0.999755859375,71.3216,,,,,,
U10000,,0,2,0.0003,1209472,14567148,10000,120000,0.0013147575415921,,9997.55859375,119970.703125,118568.47140873413,0.0002,1.2279613018035889,108.2865068912506,b2f56ecef4c4,6ffe868cd4cd,0.001414088145154,15.259070043691992,1.0,1,M,7993152,9582336,0.0150091857536301,0.0125199850146143,10000,0.999755859375,120.9472,,,,,,
U10000,,0,2,0.0003,2050944,24703475,10000,120000,0.0004139390275043,,9997.55859375,119970.703125,118799.04654431436,0.00025,1.263306975364685,178.94202828407288,b2f56ecef4c4,6ffe868cd4cd,0.0004410598483684,15.871176695351302,1.0,1,M,7993152,9582336,0.0150091857536301,0.0125199850146143,10000,0.999755859375,205.0944,,,,,,
U10000,,0,2,0.0003,3477760,41891289,10000,120000,0.0001328822483482,,9997.55859375,119970.703125,118994.56626390383,0.0002,1.210735559463501,298.18815422058105,b2f56ecef4c4,6ffe868cd4cd,0.0001395206071501,16.824847401949764,1.0,1,M,7993152,9582336,0.0150091857536301,0.0125199850146143,10000,0.999755859375,347.776,,,,,,
U10000,,0,2,0.0003,5897216,71037086,10000,120000,4.876242573522802e-05,,9997.55859375,119970.703125,119246.7843662694,0.0001,1.2177116870880127,498.8114137649536,b2f56ecef4c4,6ffe868cd4cd,5.061924318174647e-05,17.964996329271795,1.0,1,M,7993152,9582336,0.0150091857536301,0.0125199850146143,10000,0.999755859375,589.7216,,,,,,
U10000,,0,2,0.0003,10000000,120466169,10000,120000,2.214463950511401e-05,,9997.55859375,119970.703125,119431.81373969153,0.00025,1.202470064163208,837.2699768543243,b2f56ecef4c4,6ffe868cd4cd,2.285229843845542e-05,19.53243451431692,1.0,1,M,7993152,9582336,0.0150091857536301,0.0125199850146143,10000,0.999755859375,1000.0,,,,,,
U10000,,0,2,0.003,29952,360686,9512,114144,11.917187822830677,,6.677734375,80.1328125,1984.3179291778565,0.0002,2.4169178009033203,2.508988380432129,b2f56ecef4c4,da2629f5caa9,11.963964160747528,12.696559358501434,0.0009461732548359,1,S,2045568,2972592,3.917386882274263e-05,2.6957218649582587e-05,10000,0.0006677734375,2.9952,,,,,,
U10000,,0,2,0.003,50816,612029,9950,119400,11.383167359645366,,28.57080078125,342.849609375,6590.7464028298855,0.0003,2.337785005569458,4.38822603225708,b2f56ecef4c4,da2629f5caa9,11.470841788344384,13.027882509064677,0.0031155778894472,1,S,2045568,2972592,0.0001676060680334,0.0001153369212374,10000,0.002857080078125,5.0816,,,,,,
U10000,,0,2,0.003,86272,1038820,9998,119976,9.90886860588908,,199.55908203125,2394.708984375,19821.931423963644,0.00035,2.271361351013184,7.267279148101807,b2f56ecef4c4,da2629f5caa9,10.020883175510168,13.60007785205841,0.0202040408081616,1,S,2045568,2972592,0.0011706816807727,0.0008055962555153,10000,0.019955908203125,8.6272,,,,,,
U10000,,0,2,0.003,146304,1761768,10000,120000,5.629672205872983,,3428.55859375,41142.703125,62319.66763912141,0.0002,2.014822483062744,11.656946659088137,b2f56ecef4c4,da2629f5caa9,5.722494298362323,14.836818153858184,0.3431,1,S,2045568,2972592,0.0201130948103411,0.01384068285355,10000,0.342855859375,14.6304,,,,,,
U10000,,0,2,0.003,248064,2988002,10000,120000,0.510506004527874,,9383.55859375,112602.703125,113868.41655852832,0.0002,1.578139066696167,18.765631914138797,b2f56ecef4c4,da2629f5caa9,0.5291697585232314,17.110882066604496,0.9386,1,S,2045568,2972592,0.0550471571343509,0.0378803088768993,10000,0.938355859375,24.8064,,,,,,
U10000,,0,2,0.003,420608,5065393,10000,120000,0.0730232793949281,,9936.55859375,119238.703125,118189.87605391323,0.0001,1.293774127960205,30.288267374038696,b2f56ecef4c4,da2629f5caa9,0.0817931955101193,16.897560088813304,0.9939,1,S,2045568,2972592,0.0582912438623404,0.0401127040391012,10000,0.993655859375,42.0608,,,,,,
U10000,,0,2,0.003,713216,8589319,10000,120000,0.0418712861262929,,9968.55859375,119622.703125,118385.10719800452,0.00015,1.2492717504501345,49.50196576118469,b2f56ecef4c4,da2629f5caa9,0.047418178973154,16.422379927921295,0.9971,1,S,2045568,2972592,0.058478966783309,0.040241884229319,10000,0.996855859375,71.3216,,,,,,
U10000,,0,2,0.003,1209472,14567148,10000,120000,0.0090044279230888,,9993.55859375,119922.703125,118775.3171342463,0.0002,1.2369422912597656,81.50683689117432,b2f56ecef4c4,da2629f5caa9,0.0113297429713146,16.835867105674744,0.9996,1,S,2045568,2972592,0.0586256253153158,0.0403428062529267,10000,0.999355859375,120.9472,,,,,,
U10000,,0,2,0.003,2050944,24703475,10000,120000,0.0037774568810017,,9996.55859375,119958.703125,118927.43335736726,0.0002,1.2688875198364258,135.215966463089,b2f56ecef4c4,da2629f5caa9,0.0047394855426274,17.155445994627474,0.9999,1,S,2045568,2972592,0.0586432243391566,0.0403549168957596,10000,0.999655859375,205.0944,,,,,,
U10000,,0,2,0.003,3477760,41891289,10000,120000,0.0023165096356688,,9997.55859375,119970.703125,118742.36096804896,0.00025,1.2119686603546145,225.9247179031372,b2f56ecef4c4,da2629f5caa9,0.0028915252088128,16.293080888044834,1.0,1,S,2045568,2972592,0.0586490906804369,0.0403589537767039,10000,0.999755859375,347.776,,,,,,
U10000,,0,2,0.003,5897216,71037086,10000,120000,0.0001068706254869,,9997.55859375,119970.703125,119065.43875249776,0.0001,1.220761775970459,379.6566219329834,b2f56ecef4c4,da2629f5caa9,0.0001202737882728,17.551591155934332,1.0,1,S,2045568,2972592,0.0586490906804369,0.0403589537767039,10000,0.999755859375,589.7216,,,,,,
U10000,,0,2,0.003,10000000,120466169,10000,120000,1.0736463069886214e-05,,9997.55859375,119970.703125,119182.72715398912,0.00035,1.2044132947921753,640.260623216629,b2f56ecef4c4,da2629f5caa9,1.1412466089831523e-05,18.79278667728752,1.0,1,S,2045568,2972592,0.0586490906804369,0.0403589537767039,10000,0.999755859375,1000.0,,,,,,
U30000,,0,1,0.0003,29952,361043,18999,227988,12.133240419545174,,1.361572265625,16.3388671875,2049.73939476552,0.0003,2.3645057678222656,3.953205585479736,b2f56ecef4c4,d38e8228c69c,12.182756340069773,12.335016569423676,0.0003158060950576,1,L,31524864,34350080,5.18285096725556e-07,4.756573256161267e-07,30000,4.53857421875e-05,0.9984,,,,,,
U30000,,0,1,0.0003,50816,612242,24536,294432,12.005553422660828,,21.009765625,252.1171875,3983.0905134181976,5e-05,2.413037776947021,7.194166660308838,b2f56ecef4c4,d38e8228c69c,12.05058463037014,12.32382418808937,0.0011004238669709,1,L,31524864,34350080,7.997407617682348e-06,7.339639019763564e-06,30000,0.0007003255208333,1.6938666666666666,,,,,,
U30000,,0,1,0.0003,86272,1039177,28310,339720,11.613078039338587,,49.08837890625,589.060546875,12354.670367839337,5e-05,2.349069833755493,11.727175235748293,b2f56ecef4c4,d38e8228c69c,11.67287267205,12.391795586681368,0.0019780996114447,1,L,31524864,34350080,1.868558566580969e-05,1.7148738718366885e-05,30000,0.001636279296875,2.8757333333333333,,,,,,
U30000,,0,1,0.0003,146304,1762524,29767,357204,11.246077781732083,,59.732666015625,716.7919921875,20313.621644248156,0.00025,2.338648557662964,18.62492847442627,b2f56ecef4c4,d38e8228c69c,11.320691538004874,12.45982103829384,0.0022508146605301,1,L,31524864,34350080,2.273735398787129e-05,2.0867258305875853e-05,30000,0.0019910888671875,4.8768,,,,,,
U30000,,0,1,0.0003,248064,2988599,29989,359868,10.680044944961072,,576.678466796875,6920.1416015625,34935.77251389992,0.0004,2.3269402980804443,29.03722381591797,b2f56ecef4c4,d38e8228c69c,10.78844077953577,12.47213999092579,0.0194738070625896,1,L,31524864,34350080,0.000219513765438,0.0002014592572,30000,0.0192226155598958,8.2688,,,,,,
U30000,,0,1,0.0003,420608,5066718,30000,360000,5.24789711995719,,15072.67578125,180872.109375,195600.4501569569,0.0002,1.987910747528076,45.88386011123657,b2f56ecef4c4,d38e8228c69c,5.369115626423415,12.850595514774325,0.5026666666666667,1,L,31524864,34350080,0.0057374429712052,0.0052655513284102,30000,0.5024225260416667,14.020266666666666,,,,,,
U30000,,0,1,0.0003,713216,8590941,30000,360000,0.064629532115125,,29937.67578125,359252.109375,352518.7664357765,0.00015,1.3755619525909424,72.69896817207336,b2f56ecef4c4,d38e8228c69c,0.0699733914168847,13.795935617303847,0.9981666666666666,1,L,31524864,34350080,0.0113958337576016,0.0104585523345214,30000,0.9979225260416666,23.773866666666667,,,,,,
U30000,,0,1,0.0003,1209472,14568590,30000,360000,0.0061493091916725,,29989.67578125,359876.109375,354573.511057751,0.0002,1.3543556928634644,116.83309578895567,b2f56ecef4c4,d38e8228c69c,0.0066882164029699,14.289801061858237,0.9999,1,L,31524864,34350080,0.0114156276574262,0.0104767182310783,30000,0.999655859375,40.31573333333333,,,,,,
U30000,,0,1,0.0003,2050944,24703035,30000,360000,0.0013962523846284,,29992.67578125,359912.109375,355156.536542036,0.0004,1.34331214427948,190.78280878067017,b2f56ecef4c4,d38e8228c69c,0.0015116161165493,14.65884927457869,1.0,1,L,31524864,34350080,0.0114167696131853,0.010477766263572,30000,0.999755859375,68.3648,,,,,,
U30000,,0,1,0.0003,3477760,41892582,30000,360000,0.0005197747941858,,29992.67578125,359912.109375,355637.71973687893,0.0001,1.3329899311065674,315.17001605033875,b2f56ecef4c4,d38e8228c69c,0.0008121637773451,15.079743313658238,1.0,1,L,31524864,34350080,0.0114167696131853,0.010477766263572,30000,0.999755859375,115.92533333333331,,,,,,
U30000,,0,1,0.0003,5897216,71037181,30000,360000,0.0004008063627227,,29991.67578125,359900.109375,356131.8710954263,0.0002,1.3116154670715332,525.2866339683533,b2f56ecef4c4,d38e8228c69c,0.0009675961370628,15.856743513345718,0.9999666666666668,1,L,31524864,34350080,0.0114163889612656,0.0104774169194074,30000,0.9997225260416668,196.57386666666667,,,,,,
U30000,,0,1,0.0003,10000000,120459128,30000,360000,1.8982664804278643e-05,,29992.67578125,359912.109375,356864.508251658,0.00025,1.3097310066223145,881.3359482288361,b2f56ecef4c4,d38e8228c69c,2.0280116593877157e-05,17.056643484452366,1.0,1,L,31524864,34350080,0.0114167696131853,0.010477766263572,30000,0.999755859375,333.3333333333333,,,,,,
U30000,,0,1,0.0003,29952,361043,18999,227988,12.065579661374093,,4.361572265625,52.3388671875,1532.294570816326,0.0003,2.384631395339966,3.3929548263549805,b2f56ecef4c4,e3cdae77e3ac,12.129662744169234,12.215567051553728,0.0004737091425864,1,M,7993152,9582336,6.547963455155113e-06,5.462015440441663e-06,30000,0.0001453857421875,0.9984,,,,,,
U30000,,0,1,0.0003,50816,612242,24536,294432,12.00156667245865,,14.009765625,168.1171875,2454.1453333415984,0.00015,2.4192283153533936,6.0802271366119385,b2f56ecef4c4,e3cdae77e3ac,12.047192537288666,12.215094017839432,0.0008151287903488,1,M,7993152,9582336,2.103265238794408e-05,1.754448889080909e-05,30000,0.0004669921875,1.6938666666666666,,,,,,
U30000,,0,1,0.0003,86272,1039177,28310,339720,11.705541975460052,,44.08837890625,529.060546875,8845.717883756637,0.00015,2.354050636291504,9.990307807922363,b2f56ecef4c4,e3cdae77e3ac,11.75952525220394,12.275405467796324,0.0018014835747085,1,M,7993152,9582336,6.618922633711958e-05,5.521206383026018e-05,30000,0.0014696126302083,2.8757333333333333,,,,,,
U30000,,0,1,0.0003,146304,1762524,29767,357204,11.324055057902337,,73.732666015625,884.7919921875,17600.406866944097,0.00035,2.3395049571990967,16.019352674484253,b2f56ecef4c4,e3cdae77e3ac,11.381808170549869,12.358823958706855,0.0027211341418349,1,M,7993152,9582336,0.0001106937528758,9.233573026321556e-05,30000,0.0024577555338541,4.8768,,,,,,
U30000,,0,1,0.0003,248064,2988599,29989,359868,10.813434290821553,,454.678466796875,5456.1416015625,30644.59333104513,0.00035,2.331846237182617,25.388399600982662,b2f56ecef4c4,e3cdae77e3ac,10.901701996500492,12.406277103304864,0.0154056487378705,1,M,7993152,9582336,0.0006826020075137,0.000569395771716,30000,0.0151559488932291,8.2688,,,,,,
U30000,,0,1,0.0003,420608,5066718,30000,360000,8.246375506735443,,8026.67578125,96320.109375,105194.58013319968,0.0002,2.161113977432251,40.28238224983215,b2f56ecef4c4,e3cdae77e3ac,8.389097837364375,12.578263900065425,0.2678,1,M,7993152,9582336,0.0120503287532878,0.0100518401123692,30000,0.267555859375,14.020266666666666,,,,,,
U30000,,0,1,0.0003,713216,8590941,30000,360000,0.9336784135198268,,28875.67578125,346508.109375,324597.02974754246,0.0003,1.4413130283355713,65.05508184432983,b2f56ecef4c4,e3cdae77e3ac,0.9788394735595072,13.44932470419407,0.9627666666666668,1,M,7993152,9582336,0.0433506218041393,0.0361611312079851,30000,0.9625225260416668,23.773866666666667,,,,,,
U30000,,0,1,0.0003,1209472,14568590,30000,360000,0.0341032736615023,,29987.67578125,359852.109375,352359.3718603918,0.00025,1.3668019771575928,105.85528254508972,b2f56ecef4c4,e3cdae77e3ac,0.0377028561033941,14.105632803916931,0.9998333333333334,1,M,7993152,9582336,0.04502005083539,0.0375536935226441,30000,0.9995891927083334,40.31573333333333,,,,,,
U30000,,0,1,0.0003,2050944,24703035,30000,360000,0.0110600702191401,,29991.67578125,359900.109375,353293.912045124,0.00025,1.338565707206726,174.06840586662292,b2f56ecef4c4,e3cdae77e3ac,0.0126112994669703,14.247116364067791,0.9999666666666668,1,M,7993152,9582336,0.0450260559757902,0.0375587027396033,30000,0.9997225260416668,68.3648,,,,,,
U30000,,0,1,0.0003,3477760,41892582,30000,360000,0.0036425497067499,,29992.67578125,359912.109375,353814.35638961045,0.0004,1.3317475318908691,289.4318721294403,b2f56ecef4c4,e3cdae77e3ac,0.0042251343602928,14.476970131599904,1.0,1,M,7993152,9582336,0.0450275572608903,0.0375599550438431,30000,0.999755859375,115.92533333333331,,,,,,
U30000,,0,1,0.0003,5897216,71037181,30000,360000,0.0006200052269749,,29992.67578125,359912.109375,354727.94283779874,0.0002,1.3119171857833862,484.3463757038117,b2f56ecef4c4,e3cdae77e3ac,0.000714057046894,15.044116795802116,1.0,1,M,7993152,9582336,0.0450275572608903,0.0375599550438431,30000,0.999755859375,196.57386666666667,,,,,,
U30000,,0,1,0.0003,10000000,120459128,30000,360000,6.859673763727699e-05,,29992.67578125,359912.109375,355619.5637767379,0.0002,1.3116835355758667,816.366984128952,b2f56ecef4c4,e3cdae77e3ac,7.389817430480832e-05,16.094086790205537,1.0,1,M,7993152,9582336,0.0450275572608903,0.0375599550438431,30000,0.999755859375,333.3333333333333,,,,,,
U30000,,0,1,0.003,29952,361043,18999,227988,12.167273912653924,,1.361572265625,16.3388671875,1673.575892159748,0.0003,2.3564281463623047,2.5848841667175293,b2f56ecef4c4,ae00ffe670a8,12.250516888241767,12.335420581769943,0.0003158060950576,1,S,2045568,2972592,7.987447587907125e-06,5.496505133398731e-06,30000,4.53857421875e-05,0.9984,,,,,,
U30000,,0,1,0.003,50816,612242,24536,294432,12.046782159881593,,10.009765625,120.1171875,2109.4211179927825,0.00015,2.4150807857513428,4.527259588241577,b2f56ecef4c4,ae00ffe670a8,12.10142421278,12.261701900959014,0.0006521030322791,1,S,2045568,2972592,5.872070129176835e-05,4.040823210854365e-05,30000,0.0003336588541666,1.6938666666666666,,,,,,
U30000,,0,1,0.003,86272,1039177,28310,339720,11.978661844773292,,7.08837890625,85.060546875,1903.2276036348348,0.00025,2.366948366165161,7.439184904098511,b2f56ecef4c4,ae00ffe670a8,12.053227068805697,12.173761384630204,0.0004945249028611,1,S,2045568,2972592,4.158284978793176e-05,2.861494173266967e-05,30000,0.000236279296875,2.8757333333333333,,,,,,
U30000,,0,1,0.003,146304,1762524,29767,357204,11.961929579167366,,3.732666015625,44.7919921875,2243.718617105485,0.00035,2.371717691421509,12.037803888320925,b2f56ecef4c4,ae00ffe670a8,12.031645351953506,12.183217929172516,0.0003695367353109,1,S,2045568,2972592,2.189709273292308e-05,1.5068328309939607e-05,30000,0.0001244222005208,4.8768,,,,,,
U30000,,0,1,0.003,248064,2988599,29989,359868,11.88085256452322,,10.678466796875,128.1416015625,3612.692428040934,0.0004,2.392622470855713,19.44736099243164,b2f56ecef4c4,ae00ffe670a8,11.94647250555992,12.18268641796112,0.0006002200806962,1,S,2045568,2972592,6.26435305805038e-05,4.310769912672173e-05,30000,0.0003559488932291,8.2688,,,,,,
U30000,,0,1,0.003,420608,5066718,30000,360000,11.650871166775229,,43.67578125,524.109375,9891.888630390167,0.0004,2.379331588745117,31.26906132698059,b2f56ecef4c4,ae00ffe670a8,11.736968090662955,12.37126679172516,0.0017,1,S,2045568,2972592,0.0002562170384949,0.0001763139290558,30000,0.001455859375,14.020266666666666,,,,,,
U30000,,0,1,0.003,713216,8590941,30000,360000,8.174778215961158,,4567.67578125,54812.109375,109826.12032637,0.00015,2.137476921081543,50.74289321899414,b2f56ecef4c4,ae00ffe670a8,8.280998339012116,13.77953612535,0.1525,1,S,2045568,2972592,0.0267955449904378,0.0184391633211015,30000,0.152255859375,23.773866666666667,,,,,,
U30000,,0,1,0.003,1209472,14568590,30000,360000,0.5916488463068825,,28556.67578125,342680.109375,336816.53283654834,0.0004,1.6573768854141235,83.39169597625732,b2f56ecef4c4,ae00ffe670a8,0.6291277573685815,16.1324608710289,0.9521333333333334,1,S,2045568,2972592,0.1675232059628426,0.1152799002940867,30000,0.9518891927083334,40.31573333333333,,,,,,
U30000,,0,1,0.003,2050944,24703035,30000,360000,0.2327022949301996,,29639.67578125,355676.109375,347137.076857116,0.0004,1.415582299232483,138.1331169605255,b2f56ecef4c4,ae00ffe670a8,0.2765360898289775,15.90060027846098,0.9882333333333332,1,S,2045568,2972592,0.1738764535693753,0.1196518423567714,30000,0.9879891927083332,68.3648,,,,,,
U30000,,0,1,0.003,3477760,41892582,30000,360000,0.1524250269797394,,29801.67578125,357620.109375,349571.10250416066,0.00035,1.4079532623291016,230.2904529571533,b2f56ecef4c4,ae00ffe670a8,0.2027703658542505,15.290192562866212,0.9936333333333334,1,S,2045568,2972592,0.1748268008567791,0.1203058170697492,30000,0.9933891927083334,115.92533333333331,,,,,,
U30000,,0,1,0.003,5897216,71037181,30000,360000,0.0657730282960734,,29931.67578125,359180.109375,351639.10890559404,0.00015,1.3352270126342771,386.09196376800537,b2f56ecef4c4,ae00ffe670a8,0.094899077581815,15.049531868708131,0.9979666666666668,1,S,2045568,2972592,0.1755894252232142,0.1208306115925091,30000,0.9977225260416668,196.57386666666667,,,,,,
U30000,,0,1,0.003,10000000,120459128,30000,360000,0.0727098965304903,,29963.67578125,359564.109375,350758.2422392198,0.0002,1.3353466987609863,650.2321557998657,b2f56ecef4c4,ae00ffe670a8,0.0913911884165147,14.617873767888549,0.9990333333333332,1,S,2045568,2972592,0.1757771481441829,0.1209597917827269,30000,0.9987891927083332,333.3333333333333,,,,,,
U30000,,0,2,0.0003,29952,360686,18847,226164,12.096415130782129,,3.398681640625,40.7841796875,1762.9128296854014,0.0004,2.448970079421997,3.966042995452881,b2f56ecef4c4,c14af8fc35fe,12.1587809104681,12.276858626127243,0.0004244707380484,1,L,31524864,34350080,1.2937146909658358e-06,1.1873095983328131e-06,30000,0.0001132893880208,0.9984,,,,,,
U30000,,0,2,0.0003,50816,612029,24451,293412,12.062544698839188,,10.030517578125,120.3662109375,2749.595609127856,0.00025,2.3760578632354736,7.1937549114227295,b2f56ecef4c4,c14af8fc35fe,12.110415121397972,12.312708535814286,0.0006543699644186,1,L,31524864,34350080,3.818135771735605e-06,3.5041027833850752e-06,30000,0.0003343505859375,1.6938666666666666,,,,,,
U30000,,0,2,0.0003,86272,1038820,28341,340092,11.715818845818042,,38.080810546875,456.9697265625,10000.809884223863,0.00035,2.383286952972412,11.725449562072754,b2f56ecef4c4,c14af8fc35fe,11.775507981984616,12.373967821240424,0.0015878056525881,1,L,31524864,34350080,1.4495533638543216e-05,1.3303308946078148e-05,30000,0.0012693603515625,2.8757333333333333,,,,,,
U30000,,0,2,0.0003,146304,1761768,29765,357180,11.290943815538885,,62.733154296875,752.7978515625,19181.00633123362,0.00055,2.3657171726226807,18.42679333686829,b2f56ecef4c4,c14af8fc35fe,11.369078122646808,12.44863403465748,0.0023517554174365,1,L,31524864,34350080,2.387949561217774e-05,2.191546137774643e-05,30000,0.0020911051432291,4.8768,,,,,,
U30000,,0,2,0.0003,248064,2988002,29992,359904,10.618387625939846,,685.677734375,8228.1328125,36665.85464087696,5e-05,2.303460121154785,28.66329979896545,b2f56ecef4c4,c14af8fc35fe,10.729774740781783,12.469648247933389,0.0231061616431048,1,L,31524864,34350080,0.0002610045458879,0.0002395375152692,30000,0.0228559244791666,8.2688,,,,,,
U30000,,0,2,0.0003,420608,5065347,30000,360000,4.640987069616094,,17670.67578125,212048.109375,213878.395132374,0.0001,1.90080726146698,45.047141313552856,b2f56ecef4c4,c14af8fc35fe,4.757547431556341,12.871975277733805,0.5892666666666667,1,L,31524864,34350080,0.0067263766585955,0.0061731474679243,30000,0.5890225260416667,14.020266666666666,,,,,,
U30000,,0,2,0.0003,713216,8589349,30000,360000,0.0496777850479617,,29955.67578125,359468.109375,352719.9668822095,0.00025,1.405871868133545,72.30333495140076,b2f56ecef4c4,c14af8fc35fe,0.0538836335151903,13.781628285846114,0.9987666666666668,1,L,31524864,34350080,0.0114026854921562,0.0104648405294834,30000,0.9985225260416668,23.773866666666667,,,,,,
U30000,,0,2,0.0003,1209472,14567049,30000,360000,0.0051497023746205,,29992.67578125,359912.109375,354467.24933044065,0.0002,1.33285653591156,116.49700903892516,b2f56ecef4c4,c14af8fc35fe,0.0058071751280944,14.249185184150932,1.0,1,L,31524864,34350080,0.0114167696131853,0.010477766263572,30000,0.999755859375,40.31573333333333,,,,,,
U30000,,0,2,0.0003,2050944,24703474,30000,360000,0.0013502550772127,,29992.67578125,359912.109375,354971.1137863555,0.0001,1.3664207458496094,192.0588366985321,b2f56ecef4c4,c14af8fc35fe,0.0014570592465406,14.586420755642653,1.0,1,L,31524864,34350080,0.0114167696131853,0.010477766263572,30000,0.999755859375,68.3648,,,,,,
U30000,,0,2,0.0003,3477760,41892543,30000,360000,0.0010668632971566,,29991.67578125,359900.109375,355334.2524032268,0.0002,1.316745638847351,316.5933127403259,b2f56ecef4c4,c14af8fc35fe,0.0018753952169917,15.06647465774417,0.9999666666666668,1,L,31524864,34350080,0.0114163889612656,0.0104774169194074,30000,0.9997225260416668,115.92533333333331,,,,,,
U30000,,0,2,0.0003,5897216,71038816,30000,360000,0.0001277820413708,,29992.67578125,359912.109375,356242.43436416495,0.00025,1.3207435607910156,526.716593503952,b2f56ecef4c4,c14af8fc35fe,0.0002271877751431,15.89398097448349,1.0,1,L,31524864,34350080,0.0114167696131853,0.010477766263572,30000,0.999755859375,196.57386666666667,,,,,,
U30000,,0,2,0.0003,10000000,120467701,30000,360000,2.1785047786703443e-05,,29992.67578125,359912.109375,357015.6360397043,0.00035,1.3065476417541504,881.0056533813477,b2f56ecef4c4,c14af8fc35fe,2.292207366849041e-05,16.848794593814016,1.0,1,L,31524864,34350080,0.0114167696131853,0.010477766263572,30000,0.999755859375,333.3333333333333,,,,,,
U30000,,0,2,0.0003,29952,360686,18847,226164,12.053063822069168,,4.398681640625,52.7841796875,1488.9603819203858,0.00025,2.464879512786865,3.430973768234253,b2f56ecef4c4,912f8cf172ec,12.129441716241836,12.202215700340272,0.0004775295803045,1,M,7993152,9582336,6.603675206914619e-06,5.508487668090536e-06,30000,0.0001466227213541,0.9984,,,,,,
U30000,,0,2,0.0003,50816,612029,24451,293412,11.999484927234649,,12.030517578125,144.3662109375,2481.213791446352,0.0001,2.3807132244110107,6.126455783843994,b2f56ecef4c4,912f8cf172ec,12.044437253794673,12.22685110669136,0.0007361662099709,1,M,7993152,9582336,1.806123678587621e-05,1.5065868170089217e-05,30000,0.0004010172526041,1.6938666666666666,,,,,,
U30000,,0,2,0.0003,86272,1038820,28341,340092,11.683254230842593,,42.080810546875,504.9697265625,9195.623626567984,0.0002,2.3745296001434326,10.031064987182615,b2f56ecef4c4,912f8cf172ec,11.741441492352486,12.269112517738344,0.0017289439328181,1,M,7993152,9582336,6.317529387186681e-05,5.269797746212406e-05,30000,0.0014026936848958,2.8757333333333333,,,,,,
U30000,,0,2,0.0003,146304,1761768,29765,357180,11.322215477051737,,63.733154296875,764.7978515625,17523.000695619347,0.0004,2.366680145263672,15.961266994476318,b2f56ecef4c4,912f8cf172ec,11.385318618021012,12.351899999094009,0.0023853519233999,1,M,7993152,9582336,9.568163492480812e-05,7.981329934188281e-05,30000,0.0021244384765625,4.8768,,,,,,
U30000,,0,2,0.0003,248064,2988002,29992,359904,10.863210484826563,,369.677734375,4436.1328125,29102.55633592701,0.00025,2.314863443374634,25.25008106231689,b2f56ecef4c4,912f8cf172ec,10.951992603476048,12.404939897465706,0.0125700186716457,1,M,7993152,9582336,0.0005549916744358,0.0004629489941179,30000,0.0123225911458333,8.2688,,,,,,
U30000,,0,2,0.0003,420608,5065347,30000,360000,8.51427334259659,,6966.67578125,83600.109375,97476.45166380703,0.00015,2.124786138534546,40.32694482803345,b2f56ecef4c4,912f8cf172ec,8.658172124660611,12.566487010598182,0.2324666666666666,1,M,7993152,9582336,0.0104589665472394,0.0087243976181799,30000,0.2322225260416666,14.020266666666666,,,,,,
U30000,,0,2,0.0003,713216,8589349,30000,360000,1.1087775289324715,,28599.67578125,343196.109375,319213.13686707243,0.00035,1.465196132659912,65.20024418830872,b2f56ecef4c4,912f8cf172ec,1.1612808741359926,13.43650015448332,0.9535666666666668,1,M,7993152,9582336,0.0429362671165267,0.0358154952378,30000,0.9533225260416668,23.773866666666667,,,,,,
U30000,,0,2,0.0003,1209472,14567049,30000,360000,0.0386007596362555,,29978.67578125,359744.109375,352206.048227087,0.00025,1.3401809930801392,106.37129497528076,b2f56ecef4c4,912f8cf172ec,0.0429972599476427,14.116479098451135,0.9995333333333334,1,M,7993152,9582336,0.0450065392694896,0.0375424227844859,30000,0.9992891927083334,40.31573333333333,,,,,,
U30000,,0,2,0.0003,2050944,24703474,30000,360000,0.0116681057319026,,29992.67578125,359912.109375,353309.39045364107,0.00015,1.3662374019622805,175.55458545684814,b2f56ecef4c4,912f8cf172ec,0.0131803663434004,14.24195453979373,1.0,1,M,7993152,9582336,0.0450275572608903,0.0375599550438431,30000,0.999755859375,68.3648,,,,,,
U30000,,0,2,0.0003,3477760,41892543,30000,360000,0.003375378397655,,29992.67578125,359912.109375,353859.53195785405,0.0001,1.3169474601745603,292.7034215927124,b2f56ecef4c4,912f8cf172ec,0.0038870508569128,14.45434066861868,1.0,1,M,7993152,9582336,0.0450275572608903,0.0375599550438431,30000,0.999755859375,115.92533333333331,,,,,,
U30000,,0,2,0.0003,5897216,71038816,30000,360000,0.0008111824182825,,29992.67578125,359912.109375,354635.4354342093,5e-05,1.3224990367889404,489.3578152656555,b2f56ecef4c4,912f8cf172ec,0.0009069793897647,15.059902928435802,1.0,1,M,7993152,9582336,0.0450275572608903,0.0375599550438431,30000,0.999755859375,196.57386666666667,,,,,,
U30000,,0,2,0.0003,10000000,120467701,30000,360000,9.229386342560076e-05,,29992.67578125,359912.109375,355589.04826150776,0.00025,1.306925892829895,820.8655905723572,b2f56ecef4c4,912f8cf172ec,0.0001013208283176,16.01805423504114,1.0,1,M,7993152,9582336,0.0450275572608903,0.0375599550438431,30000,0.999755859375,333.3333333333333,,,,,,
U30000,,0,2,0.003,29952,360686,18847,226164,12.209724146394729,,1.398681640625,16.7841796875,1585.3396311163433,0.0004,2.4368832111358643,2.6837124824523926,b2f56ecef4c4,29da6ec3eb14,12.269475446829796,12.386998395872116,0.0003183530535363,1,S,2045568,2972592,8.205143846354655e-06,5.64631126219138e-06,30000,4.662272135416667e-05,0.9984,,,,,,
U30000,,0,2,0.003,50816,612029,24451,293412,12.10147559310913,,3.030517578125,36.3662109375,2097.9746325748447,0.0001,2.3838412761688232,4.629151582717896,b2f56ecef4c4,29da6ec3eb14,12.163710963506698,12.321365466785432,0.0003680831049854,1,S,2045568,2972592,1.7778050369139525e-05,1.223383866252079e-05,30000,0.0001010172526041,1.6938666666666666,,,,,,
U30000,,0,2,0.003,86272,1038820,28341,340092,11.971384412751195,,5.080810546875,60.9697265625,1904.1105846659184,0.0003,2.38763165473938,7.547307968139648,b2f56ecef4c4,29da6ec3eb14,12.046214220366478,12.163100441408158,0.0004234148406901,1,S,2045568,2972592,2.980576864836564e-05,2.0510627278314684e-05,30000,0.0001693603515625,2.8757333333333333,,,,,,
U30000,,0,2,0.003,146304,1761768,29765,357180,11.953734881477356,,9.733154296875,116.7978515625,2103.5571884508136,0.0003,2.397256135940552,12.119863986968994,b2f56ecef4c4,29da6ec3eb14,12.02178888123989,12.1652946662426,0.0005711406013774,1,S,2045568,2972592,5.709800483899826e-05,3.929158510905634e-05,30000,0.0003244384765625,4.8768,,,,,,
U30000,,0,2,0.003,248064,2988002,29992,359904,11.930134059743882,,9.677734375,116.1328125,2366.216531966018,0.00035,2.379591703414917,19.32628631591797,b2f56ecef4c4,29da6ec3eb14,11.999840616025924,12.147109949827197,0.0005668178180848,1,S,2045568,2972592,5.67728926635536e-05,3.906786148250416e-05,30000,0.0003225911458333,8.2688,,,,,,
U30000,,0,2,0.003,420608,5065347,30000,360000,11.42647028291464,,117.67578125,1412.109375,16967.445737838745,0.0003,2.3292195796966557,32.852394580841064,b2f56ecef4c4,29da6ec3eb14,11.509530560319424,12.52885626358986,0.0041666666666666,1,S,2045568,2972592,0.0006903262932349,0.0004750431189345,30000,0.0039225260416666,14.020266666666666,,,,,,
U30000,,0,2,0.003,713216,8589349,30000,360000,6.217058807132505,,9309.67578125,111716.109375,169131.8996046707,0.0001,2.024735450744629,55.64115309715271,b2f56ecef4c4,29da6ec3eb14,6.309419068236891,14.60601503843069,0.3105666666666666,1,S,2045568,2972592,0.0546137353414797,0.0375820527590062,30000,0.3103225260416666,23.773866666666667,,,,,,
U30000,,0,2,0.003,1209472,14567049,30000,360000,0.6282539996938246,,28484.67578125,341816.109375,335619.29128188605,0.00025,1.6384414434432983,91.37442302703856,b2f56ecef4c4,29da6ec3eb14,0.662100288551586,15.931762019246817,0.9497333333333332,1,S,2045568,2972592,0.1671008293906631,0.1149892448660966,30000,0.9494891927083332,40.31573333333333,,,,,,
U30000,,0,2,0.003,2050944,24703474,30000,360000,0.2753732927206754,,29525.67578125,354308.109375,345849.7716627388,0.0004,1.537445902824402,150.2286057472229,b2f56ecef4c4,29da6ec3eb14,0.3348254719837886,15.831935056388378,0.9844333333333334,1,S,2045568,2972592,0.1732076906634245,0.1191916379291204,30000,0.9841891927083334,68.3648,,,,,,
U30000,,0,2,0.003,3477760,41892543,30000,360000,0.2201435395322941,,29731.67578125,356780.109375,347281.976410172,5e-05,1.365697741508484,247.84946751594543,b2f56ecef4c4,29da6ec3eb14,0.2795001193709561,14.896357573914528,0.9913,1,S,2045568,2972592,0.1744161569671602,0.1200232354036477,30000,0.991055859375,115.92533333333331,,,,,,
U30000,,0,2,0.003,5897216,71038816,30000,360000,0.148878543742026,,29857.67578125,358292.109375,348847.0709185195,0.0004,1.3650678396224976,411.1089341640472,b2f56ecef4c4,29da6ec3eb14,0.1793377564146951,14.464178109258413,0.9955,1,S,2045568,2972592,0.1751553159684742,0.1205318824026304,30000,0.995255859375,196.57386666666667,,,,,,
U30000,,0,2,0.003,10000000,120467701,30000,360000,0.0852400341363172,,29944.67578125,359336.109375,350246.53448490874,0.0005,1.3320128917694092,687.4554526805878,b2f56ecef4c4,29da6ec3eb14,0.1046821539231867,14.334522214186192,0.9984,1,S,2045568,2972592,0.1756656876598578,0.1208830910447851,30000,0.998155859375,333.3333333333333,,,,,,
