model_size,corpus_type,level,seed,bin,n_facts,frac_stored
L,CURATED,100,1,1,77122,0.0005597804351384818
L,CURATED,100,1,2,106561,0.0021019334546351384
L,CURATED,100,1,3-4,199049,0.004794819631017362
L,CURATED,100,1,5-8,206449,0.014563390532816215
L,CURATED,100,1,9-16,139693,0.059143230252567236
L,CURATED,100,1,17-32,89000,0.2595760840941011
L,CURATED,100,1,33-64,56375,0.7494676110379712
L,CURATED,100,1,65-128,35757,0.9903311313497183
L,CURATED,100,1,129-256,52396,0.9997367739486316
L,CURATED,100,1,>=257,7603,0.999755859375
L,CURATED,100,2,1,77271,0.0010111815527898565
L,CURATED,100,2,2,106161,0.0019412193471178211
L,CURATED,100,2,3-4,199133,0.003938993260393179
L,CURATED,100,2,5-8,206872,0.01188896583696682
L,CURATED,100,2,9-16,139372,0.047125488855813934
L,CURATED,100,2,17-32,88901,0.22312792493106798
L,CURATED,100,2,33-64,56446,0.7290015100854135
L,CURATED,100,2,65-128,35835,0.9917190238789766
L,CURATED,100,2,129-256,52384,0.9997367695765883
L,CURATED,100,2,>=257,7493,0.999755859375
L,CURATED,1000,1,1,223799,0.0006048354651523242
L,CURATED,1000,1,2,147203,0.0014745743468416064
L,CURATED,1000,1,3-4,141009,0.0034010167763006264
L,CURATED,1000,1,5-8,98802,0.010575478411051902
L,CURATED,1000,1,9-16,63587,0.04385292324025548
L,CURATED,1000,1,17-32,40800,0.22392252604166665
L,CURATED,1000,1,33-64,25913,0.7407352905485423
L,CURATED,1000,1,65-128,16318,0.9862738150068177
L,CURATED,1000,1,129-256,10272,0.9986849871008567
L,CURATED,1000,1,>=257,16574,0.999755859375
L,CURATED,1000,2,1,224541,0.0007222753079476577
L,CURATED,1000,2,2,146281,0.001485407299884298
L,CURATED,1000,2,3-4,140808,0.0035624612726194533
L,CURATED,1000,2,5-8,99151,0.010698764640705842
L,CURATED,1000,2,9-16,64027,0.045346001033987615
L,CURATED,1000,2,17-32,40545,0.2259736420855685
L,CURATED,1000,2,33-64,25870,0.74733993359224
L,CURATED,1000,2,65-128,16270,0.9874632963756146
L,CURATED,1000,2,129-256,10341,0.9996591569284281
L,CURATED,1000,2,>=257,16579,0.999755859375
L,CURATED,30,1,1,6866,0.0010666662494538304
L,CURATED,30,1,2,18612,0.003678060105711369
L,CURATED,30,1,3-4,82564,0.009832890526591493
L,CURATED,30,1,5-8,230527,0.03254594470123077
L,CURATED,30,1,9-16,238070,0.11937193867940626
L,CURATED,30,1,17-32,155560,0.42169594680107353
L,CURATED,30,1,33-64,128460,0.8910838992317648
L,CURATED,30,1,65-128,137098,0.992797333357115
L,CURATED,30,1,129-256,945,0.9891738487929894
L,CURATED,30,1,>=257,2,0.999755859375
L,CURATED,30,2,1,6932,0.0017754785325302942
L,CURATED,30,2,2,18835,0.0034723446417905496
L,CURATED,30,2,3-4,82593,0.010289439702630672
L,CURATED,30,2,5-8,229503,0.030600772077666195
L,CURATED,30,2,9-16,238712,0.11339907798152167
L,CURATED,30,2,17-32,155616,0.4091867662226249
L,CURATED,30,2,33-64,128568,0.8797804378082027
L,CURATED,30,2,65-128,136952,0.991373360397256
L,CURATED,30,2,129-256,943,0.984909623956124
L,CURATED,30,2,>=257,0,
L,CURATED,300,1,1,165839,0.0006482911914002436
L,CURATED,300,1,2,150207,0.0016998433437897368
L,CURATED,300,1,3-4,184353,0.0036885320193290856
L,CURATED,300,1,5-8,142327,0.011840706241722407
L,CURATED,300,1,9-16,92617,0.05045929394964612
L,CURATED,300,1,17-32,59035,0.25050541472352206
L,CURATED,300,1,33-64,37545,0.77818174830828
L,CURATED,300,1,65-128,23552,0.9946607506793478
L,CURATED,300,1,129-256,14904,0.9996887632934112
L,CURATED,300,1,>=257,24489,0.999755859375
L,CURATED,300,2,1,165615,0.0007279935415911904
L,CURATED,300,2,2,150131,0.001634218940979045
L,CURATED,300,2,3-4,183788,0.004048849124058698
L,CURATED,300,2,5-8,143415,0.011609570632539309
L,CURATED,300,2,9-16,92066,0.05090394878911596
L,CURATED,300,2,17-32,59012,0.24409599358499118
L,CURATED,300,2,33-64,37431,0.7668740234635897
L,CURATED,300,2,65-128,23699,0.9945657669660376
L,CURATED,300,2,129-256,14967,0.999755859375
L,CURATED,300,2,>=257,24442,0.999755859375
L,CURATED,x30,1,1,12,-0.000244140625
L,CURATED,x30,1,2,31,-0.000244140625
L,CURATED,x30,1,3-4,554,-0.000244140625
L,CURATED,x30,1,5-8,15933,0.0006345388452818051
L,CURATED,x30,1,9-16,186251,0.005141065360471219
L,CURATED,x30,1,17-32,607039,0.03715378603210111
L,CURATED,x30,1,33-64,188412,0.10309322642168492
L,CURATED,x30,1,65-128,1413,0.06911183955900566
L,CURATED,x30,1,129-256,355,0.056093887544014086
L,CURATED,x30,1,>=257,0,
L,CURATED,x30,2,1,1,-0.000244140625
L,CURATED,x30,2,2,26,-0.000244140625
L,CURATED,x30,2,3-4,564,-0.000244140625
L,CURATED,x30,2,5-8,15903,0.005037881634950953
L,CURATED,x30,2,9-16,185894,0.020434310535338687
L,CURATED,x30,2,17-32,607853,0.11040925748276618
L,CURATED,x30,2,33-64,188015,0.24792222907954484
L,CURATED,x30,2,65-128,1391,0.15791545678693386
L,CURATED,x30,2,129-256,353,0.1668946695733003
L,CURATED,x30,2,>=257,0,
L,FLAT,100,1,1,196653,0.005725765758324943
L,FLAT,100,1,2,151887,0.019757571173903133
L,FLAT,100,1,3-4,166548,0.05580576690916433
L,FLAT,100,1,5-8,121716,0.1853682685898937
L,FLAT,100,1,9-16,78589,0.5329475274201463
L,FLAT,100,1,17-32,50501,0.9098368478702773
L,FLAT,100,1,33-64,31850,0.9969615108663658
L,FLAT,100,1,65-128,51030,0.999755859375
L,FLAT,100,1,129-256,2522,0.999755859375
L,FLAT,100,1,>=257,20,0.999755859375
L,FLAT,100,2,1,195468,0.005884739805556408
L,FLAT,100,2,2,152906,0.01963081523023132
L,FLAT,100,2,3-4,166010,0.05366225055625414
L,FLAT,100,2,5-8,121247,0.17877059788399405
L,FLAT,100,2,9-16,78778,0.5225033269420872
L,FLAT,100,2,17-32,50345,0.9067575477253823
L,FLAT,100,2,33-64,31995,0.9970679393875019
L,FLAT,100,2,65-128,50897,0.9997362118515704
L,FLAT,100,2,129-256,2587,0.999755859375
L,FLAT,100,2,>=257,26,0.999755859375
L,FLAT,1000,1,1,239128,0.006338108212442709
L,FLAT,1000,1,2,105420,0.01997023994794631
L,FLAT,1000,1,3-4,83968,0.05302615282012195
L,FLAT,1000,1,5-8,55515,0.1706466096226808
L,FLAT,1000,1,9-16,36345,0.4860675941390666
L,FLAT,1000,1,17-32,23019,0.8643459805792226
L,FLAT,1000,1,33-64,14670,0.9816917830287151
L,FLAT,1000,1,65-128,9285,0.9971710451585218
L,FLAT,1000,1,129-256,5838,0.9995845678368019
L,FLAT,1000,1,>=257,8955,0.999755859375
L,FLAT,1000,2,1,238387,0.0075541034067634774
L,FLAT,1000,2,2,105378,0.023460997069775
L,FLAT,1000,2,3-4,83405,0.061095107621508
L,FLAT,1000,2,5-8,55678,0.18539471134525756
L,FLAT,1000,2,9-16,36375,0.5034809452856529
L,FLAT,1000,2,17-32,23040,0.8583930121527777
L,FLAT,1000,2,33-64,14614,0.9799803016905878
L,FLAT,1000,2,65-128,9296,0.9966362380324871
L,FLAT,1000,2,129-256,5835,0.9992417205575193
L,FLAT,1000,2,>=257,8964,0.999755859375
L,FLAT,30,1,1,80780,0.003036374353955187
L,FLAT,30,1,2,109432,0.011434344644391038
L,FLAT,30,1,3-4,199887,0.03499076709786342
L,FLAT,30,1,5-8,202921,0.1250262848114999
L,FLAT,30,1,9-16,138183,0.41130431323690775
L,FLAT,30,1,17-32,173628,0.8759797403158621
L,FLAT,30,1,33-64,61541,0.9791517092961908
L,FLAT,30,1,65-128,1405,0.9492220515458185
L,FLAT,30,1,129-256,357,0.957739052652311
L,FLAT,30,1,>=257,0,
L,FLAT,30,2,1,80808,0.002800112419253044
L,FLAT,30,2,2,109278,0.008906832123403156
L,FLAT,30,2,3-4,199878,0.029168801269555678
L,FLAT,30,2,5-8,202884,0.10614177447919747
L,FLAT,30,2,9-16,137802,0.3714268075470149
L,FLAT,30,2,17-32,173703,0.8499944850751894
L,FLAT,30,2,33-64,61693,0.9699307576616776
L,FLAT,30,2,65-128,1425,0.9372997190241228
L,FLAT,30,2,129-256,359,0.9524020989293176
L,FLAT,30,2,>=257,0,
L,FLAT,300,1,1,239648,0.00599834835884297
L,FLAT,300,1,2,134525,0.019298695279107044
L,FLAT,300,1,3-4,118278,0.05499013793906094
L,FLAT,300,1,5-8,80937,0.1819469462697453
L,FLAT,300,1,9-16,52251,0.5247984422920734
L,FLAT,300,1,17-32,33365,0.9033674283844411
L,FLAT,300,1,33-64,21285,0.9957154553345959
L,FLAT,300,1,65-128,13314,0.9996807504670835
L,FLAT,300,1,129-256,8496,0.999755859375
L,FLAT,300,1,>=257,13372,0.999755859375
L,FLAT,300,2,1,239183,0.006211167653598395
L,FLAT,300,2,2,133940,0.020324770827889353
L,FLAT,300,2,3-4,118343,0.05528090099131867
L,FLAT,300,2,5-8,80933,0.17999136281611797
L,FLAT,300,2,9-16,52146,0.5177629931915919
L,FLAT,300,2,17-32,33360,0.901134756257494
L,FLAT,300,2,33-64,21267,0.9962292688826879
L,FLAT,300,2,65-128,13409,0.9996812825982083
L,FLAT,300,2,129-256,8451,0.999755859375
L,FLAT,300,2,>=257,13382,0.999755859375
L,RAW,RAW,1,1,223105,0.005246547615962775
L,RAW,RAW,1,2,86478,0.016661893279576886
L,RAW,RAW,1,3-4,65516,0.0457140985837429
L,RAW,RAW,1,5-8,43256,0.14523856697625762
L,RAW,RAW,1,9-16,28153,0.43487822644067686
L,RAW,RAW,1,17-32,18095,0.809979678109457
L,RAW,RAW,1,33-64,11280,0.9575572778147163
L,RAW,RAW,1,65-128,7208,0.9887958149798834
L,RAW,RAW,1,129-256,4572,0.9984435234169947
L,RAW,RAW,1,>=257,6746,0.999755859375
L,RAW,RAW,2,1,222776,0.005901045570999569
L,RAW,RAW,2,2,85908,0.01786825868589072
L,RAW,RAW,2,3-4,65225,0.04755961560344001
L,RAW,RAW,2,5-8,43414,0.14834847926720068
L,RAW,RAW,2,9-16,28145,0.4285709242177785
L,RAW,RAW,2,17-32,17892,0.7948598164507881
L,RAW,RAW,2,33-64,11468,0.9482211541081705
L,RAW,RAW,2,65-128,7182,0.9884776638862782
L,RAW,RAW,2,129-256,4542,0.9990953573934941
L,RAW,RAW,2,>=257,6756,0.999755859375
M,CURATED,100,1,1,77122,0.00028748459218835094
M,CURATED,100,1,2,106561,0.000872590636906326
M,CURATED,100,1,3-4,199049,0.001700104259425443
M,CURATED,100,1,5-8,206449,0.005021082262977176
M,CURATED,100,1,9-16,139693,0.018468321703105202
M,CURATED,100,1,17-32,89000,0.09277833128511236
M,CURATED,100,1,33-64,56375,0.42244322079406876
M,CURATED,100,1,65-128,35757,0.9015932618416499
M,CURATED,100,1,129-256,52396,0.998725246351105
M,CURATED,100,1,>=257,7603,0.999755859375
M,CURATED,100,2,1,77271,0.00027351800501643566
M,CURATED,100,2,2,106161,0.0008767983262156064
M,CURATED,100,2,3-4,199133,0.0014984133464663065
M,CURATED,100,2,5-8,206872,0.0050489874928699875
M,CURATED,100,2,9-16,139372,0.01760736469888141
M,CURATED,100,2,17-32,88901,0.09095843302434027
M,CURATED,100,2,33-64,56446,0.41344327743828174
M,CURATED,100,2,65-128,35835,0.8965048477941433
M,CURATED,100,2,129-256,52384,0.9989731776401192
M,CURATED,100,2,>=257,7493,0.9996224014809656
M,CURATED,1000,1,1,223799,0.0003322694572613148
M,CURATED,1000,1,2,147203,0.0009922472203564125
M,CURATED,1000,1,3-4,141009,0.002046493306167514
M,CURATED,1000,1,5-8,98802,0.00524157828757262
M,CURATED,1000,1,9-16,63587,0.02115960542372065
M,CURATED,1000,1,17-32,40800,0.10612840839460784
M,CURATED,1000,1,33-64,25913,0.48866104210181666
M,CURATED,1000,1,65-128,16318,0.9214374379998315
M,CURATED,1000,1,129-256,10272,0.9872948001849688
M,CURATED,1000,1,>=257,16574,0.9990318337927627
M,CURATED,1000,2,1,224541,0.00021902645807168848
M,CURATED,1000,2,2,146281,0.000733429941238951
M,CURATED,1000,2,3-4,140808,0.0017372808851414691
M,CURATED,1000,2,5-8,99151,0.0049802141470144026
M,CURATED,1000,2,9-16,64027,0.02030968822845245
M,CURATED,1000,2,17-32,40545,0.10536690882622703
M,CURATED,1000,2,33-64,25870,0.4848737565531987
M,CURATED,1000,2,65-128,16270,0.9184405551340658
M,CURATED,1000,2,129-256,10341,0.9871845413206533
M,CURATED,1000,2,>=257,16579,0.9989717348801571
M,CURATED,30,1,1,6866,-9.849541672735218e-05
M,CURATED,30,1,2,18612,0.0005080622548624544
M,CURATED,30,1,3-4,82564,0.0009912646363729955
M,CURATED,30,1,5-8,230527,0.0027142980828303194
M,CURATED,30,1,9-16,238070,0.010382985850406394
M,CURATED,30,1,17-32,155560,0.05674351687050013
M,CURATED,30,1,33-64,128460,0.3363431238931379
M,CURATED,30,1,65-128,137098,0.655031647497365
M,CURATED,30,1,129-256,945,0.6431421027612434
M,CURATED,30,1,>=257,2,0.499755859375
M,CURATED,30,2,1,6932,4.4376397504327736e-05
M,CURATED,30,2,2,18835,0.00033987848835280064
M,CURATED,30,2,3-4,82593,0.0006518190810283559
M,CURATED,30,2,5-8,229503,0.002300488421243404
M,CURATED,30,2,9-16,238712,0.008502801296646169
M,CURATED,30,2,17-32,155616,0.04860687726519124
M,CURATED,30,2,33-64,128568,0.3083318658462837
M,CURATED,30,2,65-128,136952,0.6280051730031325
M,CURATED,30,2,129-256,943,0.6370835369996023
M,CURATED,30,2,>=257,0,
M,CURATED,300,1,1,165839,0.00025634478554878524
M,CURATED,300,1,2,150207,0.0007345088387400388
M,CURATED,300,1,3-4,184353,0.0014862353385047978
M,CURATED,300,1,5-8,142327,0.003985555778352842
M,CURATED,300,1,9-16,92617,0.016674999489665773
M,CURATED,300,1,17-32,59035,0.08824573826040696
M,CURATED,300,1,33-64,37545,0.45358459822171726
M,CURATED,300,1,65-128,23552,0.933349609375
M,CURATED,300,1,129-256,14904,0.9980113612536903
M,CURATED,300,1,>=257,24489,0.999755859375
M,CURATED,300,2,1,165615,0.00025702170932961985
M,CURATED,300,2,2,150131,0.000668395759890529
M,CURATED,300,2,3-4,183788,0.001469790643635602
M,CURATED,300,2,5-8,143415,0.003876767229826901
M,CURATED,300,2,9-16,92066,0.016124551400286208
M,CURATED,300,2,17-32,59012,0.08558586005282824
M,CURATED,300,2,33-64,37431,0.4335406901302563
M,CURATED,300,2,65-128,23699,0.9215247103813716
M,CURATED,300,2,129-256,14967,0.997283754076677
M,CURATED,300,2,>=257,24442,0.9994694670994088
M,CURATED,x30,1,1,12,-0.000244140625
M,CURATED,x30,1,2,31,-0.000244140625
M,CURATED,x30,1,3-4,554,-0.000244140625
M,CURATED,x30,1,5-8,15933,0.0010111157611168643
M,CURATED,x30,1,9-16,186251,0.004013554635696587
M,CURATED,x30,1,17-32,607039,0.023444617428436437
M,CURATED,x30,1,33-64,188412,0.06348853033014086
M,CURATED,x30,1,65-128,1413,0.04151099030210545
M,CURATED,x30,1,129-256,355,0.036375577684859155
M,CURATED,x30,1,>=257,0,
M,CURATED,x30,2,1,1,-0.000244140625
M,CURATED,x30,2,2,26,-0.000244140625
M,CURATED,x30,2,3-4,564,0.0015289090203900709
M,CURATED,x30,2,5-8,15903,0.0012650085921288435
M,CURATED,x30,2,9-16,185894,0.003801175522912251
M,CURATED,x30,2,17-32,607853,0.02360208535397847
M,CURATED,x30,2,33-64,188015,0.06376139084855265
M,CURATED,x30,2,65-128,1391,0.037857944206056794
M,CURATED,x30,2,129-256,353,0.030917332462818695
M,CURATED,x30,2,>=257,0,
M,FLAT,100,1,1,196653,0.0007321984087294626
M,FLAT,100,1,2,151887,0.0022182162587359353
M,FLAT,100,1,3-4,166548,0.007579429757112064
M,FLAT,100,1,5-8,121716,0.031411516807054944
M,FLAT,100,1,9-16,78589,0.15925655285627602
M,FLAT,100,1,17-32,50501,0.5718633423951383
M,FLAT,100,1,33-64,31850,0.9444968326874019
M,FLAT,100,1,65-128,51030,0.998540887789658
M,FLAT,100,1,129-256,2522,0.999359348669211
M,FLAT,100,1,>=257,20,0.999755859375
M,FLAT,100,2,1,195468,0.0007688129019200074
M,FLAT,100,2,2,152906,0.0020383074149722706
M,FLAT,100,2,3-4,166010,0.0072554075949867475
M,FLAT,100,2,5-8,121247,0.030907145592390946
M,FLAT,100,2,9-16,78778,0.15251424369549557
M,FLAT,100,2,17-32,50345,0.5666641918807106
M,FLAT,100,2,33-64,31995,0.9430907554525121
M,FLAT,100,2,65-128,50897,0.998498417875501
M,FLAT,100,2,129-256,2587,0.9985962149992752
M,FLAT,100,2,>=257,26,0.999755859375
M,FLAT,1000,1,1,239128,0.0013115115780042489
M,FLAT,1000,1,2,105420,0.003607120995185923
M,FLAT,1000,1,3-4,83968,0.011819979039634146
M,FLAT,1000,1,5-8,55515,0.04622978534095515
M,FLAT,1000,1,9-16,36345,0.1956837724304409
M,FLAT,1000,1,17-32,23019,0.601563062120558
M,FLAT,1000,1,33-64,14670,0.9081403174527096
M,FLAT,1000,1,65-128,9285,0.973476914840805
M,FLAT,1000,1,129-256,5838,0.9941032386144656
M,FLAT,1000,1,>=257,8955,0.9996441899165969
M,FLAT,1000,2,1,238387,0.0010520709972780605
M,FLAT,1000,2,2,105378,0.003418863038003663
M,FLAT,1000,2,3-4,83405,0.010498620600346202
M,FLAT,1000,2,5-8,55678,0.04014883326055623
M,FLAT,1000,2,9-16,36375,0.18955654666022337
M,FLAT,1000,2,17-32,23040,0.596630859375
M,FLAT,1000,2,33-64,14614,0.9143582953952546
M,FLAT,1000,2,65-128,9296,0.9789942414748278
M,FLAT,1000,2,129-256,5835,0.9951286100176735
M,FLAT,1000,2,>=257,8964,0.999755859375
M,FLAT,30,1,1,80780,0.0004862381816353058
M,FLAT,30,1,2,109432,0.001053468849376782
M,FLAT,30,1,3-4,199887,0.0030427164492469495
M,FLAT,30,1,5-8,202921,0.012386390468381168
M,FLAT,30,1,9-16,138183,0.06273032077763274
M,FLAT,30,1,17-32,173628,0.3592140112859821
M,FLAT,30,1,33-64,61541,0.6329272410555057
M,FLAT,30,1,65-128,1405,0.5570512330404804
M,FLAT,30,1,129-256,357,0.5739855512517507
M,FLAT,30,1,>=257,0,
M,FLAT,30,2,1,80808,0.0003746099937506187
M,FLAT,30,2,2,109278,0.0010735994507700543
M,FLAT,30,2,3-4,199878,0.0033580567153776303
M,FLAT,30,2,5-8,202884,0.012196465829920053
M,FLAT,30,2,9-16,137802,0.06484925424590172
M,FLAT,30,2,17-32,173703,0.3684483977882686
M,FLAT,30,2,33-64,61693,0.6400716164300954
M,FLAT,30,2,65-128,1425,0.5267734032346492
M,FLAT,30,2,129-256,359,0.5401458315198467
M,FLAT,30,2,>=257,0,
M,FLAT,300,1,1,239648,0.0010410776952029643
M,FLAT,300,1,2,134525,0.0029225570148438953
M,FLAT,300,1,3-4,118278,0.00918280267806566
M,FLAT,300,1,5-8,80937,0.03763717447192724
M,FLAT,300,1,9-16,52251,0.18103468657447944
M,FLAT,300,1,17-32,33365,0.6069789973938821
M,FLAT,300,1,33-64,21285,0.946478903772463
M,FLAT,300,1,65-128,13314,0.9966012852425079
M,FLAT,300,1,129-256,8496,0.9994027520303672
M,FLAT,300,1,>=257,13372,0.999755859375
M,FLAT,300,2,1,239183,0.001127194294287742
M,FLAT,300,2,2,133940,0.0036829909264409436
M,FLAT,300,2,3-4,118343,0.011552078838762116
M,FLAT,300,2,5-8,80933,0.04454599442497961
M,FLAT,300,2,9-16,52146,0.20218749363266117
M,FLAT,300,2,17-32,33360,0.6227174900704436
M,FLAT,300,2,33-64,21267,0.9438476447702132
M,FLAT,300,2,65-128,13409,0.9958778669818312
M,FLAT,300,2,129-256,8451,0.998809225840507
M,FLAT,300,2,>=257,13382,0.999755859375
M,RAW,RAW,1,1,223105,0.0011229286921376706
M,RAW,RAW,1,2,86478,0.0032712043182225536
M,RAW,RAW,1,3-4,65516,0.009616046199592465
M,RAW,RAW,1,5-8,43256,0.03801644750150268
M,RAW,RAW,1,9-16,28153,0.17298784175698415
M,RAW,RAW,1,17-32,18095,0.5517315432655775
M,RAW,RAW,1,33-64,11280,0.8554296182402482
M,RAW,RAW,1,65-128,7208,0.9449556373994173
M,RAW,RAW,1,129-256,4572,0.9853201638369422
M,RAW,RAW,1,>=257,6746,0.9996076233833012
M,RAW,RAW,2,1,222776,0.0012371679540210795
M,RAW,RAW,2,2,85908,0.003736862308370582
M,RAW,RAW,2,3-4,65225,0.011116533962964737
M,RAW,RAW,2,5-8,43414,0.043796952110062425
M,RAW,RAW,2,9-16,28145,0.18586351615240274
M,RAW,RAW,2,17-32,17892,0.5528522152882573
M,RAW,RAW,2,33-64,11468,0.8468957268322724
M,RAW,RAW,2,65-128,7182,0.9366815068269633
M,RAW,RAW,2,129-256,4542,0.9856651504362065
M,RAW,RAW,2,>=257,6756,0.9993118096414298
S,CURATED,100,1,1,86340,2.224807085360206e-05
S,CURATED,100,1,2,113413,6.446597212731342e-05
S,CURATED,100,1,3-4,201241,0.00017326934612914367
S,CURATED,100,1,5-8,198983,0.00041923262799146164
S,CURATED,100,1,9-16,134028,0.0013301572828998418
S,CURATED,100,1,17-32,85053,0.004423537175900615
S,CURATED,100,1,33-64,54064,0.023560979232946137
S,CURATED,100,1,65-128,34293,0.129490790702093
S,CURATED,100,1,129-256,38413,0.6004899858426022
S,CURATED,100,1,>=257,18975,0.7759350425107049
S,CURATED,100,2,1,86181,5.755000286461053e-05
S,CURATED,100,2,2,113334,0.000170562817920924
S,CURATED,100,2,3-4,201007,0.0003031039983215759
S,CURATED,100,2,5-8,199677,0.000301740973782033
S,CURATED,100,2,9-16,133499,0.0010367678462245035
S,CURATED,100,2,17-32,85334,0.00403316970851302
S,CURATED,100,2,33-64,54130,0.023790590577660264
S,CURATED,100,2,65-128,34272,0.13231304891748366
S,CURATED,100,2,129-256,38271,0.6165414150176537
S,CURATED,100,2,>=257,19035,0.7988102328974587
S,CURATED,1000,1,1,226568,3.392159031725576e-05
S,CURATED,1000,1,2,145892,6.430671961108218e-05
S,CURATED,1000,1,3-4,138288,0.0001246549320982298
S,CURATED,1000,1,5-8,96485,0.00027407464162175466
S,CURATED,1000,1,9-16,62092,0.0013663728066820203
S,CURATED,1000,1,17-32,39750,0.004485419123427673
S,CURATED,1000,1,33-64,25325,0.02719909728220632
S,CURATED,1000,1,65-128,15904,0.1752463020309356
S,CURATED,1000,1,129-256,10056,0.6417606326446897
S,CURATED,1000,1,>=257,16156,0.9812488031729698
S,CURATED,1000,2,1,226381,4.740327665252387e-05
S,CURATED,1000,2,2,146037,4.345772336377085e-05
S,CURATED,1000,2,3-4,137789,0.00017679283122654929
S,CURATED,1000,2,5-8,96583,0.0004599170248969798
S,CURATED,1000,2,9-16,62624,0.001097198158852836
S,CURATED,1000,2,17-32,39732,0.005116777526615826
S,CURATED,1000,2,33-64,25152,0.02858060492207379
S,CURATED,1000,2,65-128,15885,0.18219211999822946
S,CURATED,1000,2,129-256,10063,0.6440965132555525
S,CURATED,1000,2,>=257,16166,0.9760641607482525
S,CURATED,30,1,1,9854,0.00016178590229855896
S,CURATED,30,1,2,24355,0.0001664526823290905
S,CURATED,30,1,3-4,98344,4.057425338607339e-05
S,CURATED,30,1,5-8,238671,7.00994795791068e-05
S,CURATED,30,1,9-16,227258,0.00018708731857074336
S,CURATED,30,1,17-32,147319,0.0006382981642939811
S,CURATED,30,1,33-64,107060,0.0023525341368158042
S,CURATED,30,1,65-128,141547,0.007993405914312031
S,CURATED,30,1,129-256,2543,0.005261168065523005
S,CURATED,30,1,>=257,993,0.004791106102089627
S,CURATED,30,2,1,9806,-4.0183863833367337e-05
S,CURATED,30,2,2,24531,4.1212601529697144e-05
S,CURATED,30,2,3-4,98323,3.046450299650134e-05
S,CURATED,30,2,5-8,238312,9.994611842878241e-05
S,CURATED,30,2,9-16,227617,0.0001908005261442467
S,CURATED,30,2,17-32,147238,0.0006116167202505468
S,CURATED,30,2,33-64,106948,0.001691379440826383
S,CURATED,30,2,65-128,141661,0.005523148890110016
S,CURATED,30,2,129-256,2560,0.005615234375
S,CURATED,30,2,>=257,998,0.002761871399048096
S,CURATED,300,1,1,172391,2.269465062343742e-05
S,CURATED,300,1,2,151543,3.3008435002771495e-05
S,CURATED,300,1,3-4,180917,0.0002422702706040615
S,CURATED,300,1,5-8,137418,0.0003089164708680813
S,CURATED,300,1,9-16,89326,0.0009089391054256319
S,CURATED,300,1,17-32,57072,0.003908508660113541
S,CURATED,300,1,33-64,36203,0.02420134731798815
S,CURATED,300,1,65-128,22776,0.15390935428191957
S,CURATED,300,1,129-256,14437,0.6157425602131242
S,CURATED,300,1,>=257,23575,0.9860124871586692
S,CURATED,300,2,1,173478,9.49384161824554e-06
S,CURATED,300,2,2,151086,9.341546888030656e-05
S,CURATED,300,2,3-4,180288,0.00022178056775825348
S,CURATED,300,2,5-8,138067,0.0005091168514425968
S,CURATED,300,2,9-16,89103,0.0011138383431604434
S,CURATED,300,2,17-32,57089,0.005658923012478324
S,CURATED,300,2,33-64,36104,0.03188526331916131
S,CURATED,300,2,65-128,22907,0.18371709393212227
S,CURATED,300,2,129-256,14407,0.6506894333321042
S,CURATED,300,2,>=257,23594,0.9847944285027443
S,CURATED,x30,1,1,21,-0.000244140625
S,CURATED,x30,1,2,74,-0.000244140625
S,CURATED,x30,1,3-4,1125,0.0006447482638888889
S,CURATED,x30,1,5-8,25405,0.00018884500774945877
S,CURATED,x30,1,9-16,213598,9.762287465823653e-05
S,CURATED,x30,1,17-32,565616,0.00014481584016364462
S,CURATED,x30,1,33-64,188963,0.00039619637218992604
S,CURATED,x30,1,65-128,3178,7.052268525802394e-05
S,CURATED,x30,1,129-256,1285,0.0005340694917315176
S,CURATED,x30,1,>=257,732,-0.000244140625
S,CURATED,x30,2,1,11,-0.000244140625
S,CURATED,x30,2,2,64,-0.000244140625
S,CURATED,x30,2,3-4,1110,0.0006567602759009009
S,CURATED,x30,2,5-8,25172,3.394613807007786e-05
S,CURATED,x30,2,9-16,213814,-2.432340068353803e-05
S,CURATED,x30,2,17-32,566125,6.851117451424154e-05
S,CURATED,x30,2,33-64,188462,0.0001007564895376787
S,CURATED,x30,2,65-128,3234,-0.000244140625
S,CURATED,x30,2,129-256,1272,-0.000244140625
S,CURATED,x30,2,>=257,736,0.001114555027173913
S,FLAT,100,1,1,206038,0.00011986989733083218
S,FLAT,100,1,2,151799,0.00023675845865667758
S,FLAT,100,1,3-4,158648,0.0005374639335194896
S,FLAT,100,1,5-8,114295,0.0012782356819250624
S,FLAT,100,1,9-16,73806,0.005094178752828361
S,FLAT,100,1,17-32,47259,0.024661168416664023
S,FLAT,100,1,33-64,29890,0.1320743605459602
S,FLAT,100,1,65-128,43535,0.5334413997448174
S,FLAT,100,1,129-256,5479,0.6133714826639214
S,FLAT,100,1,>=257,1213,0.6147599813865416
S,FLAT,100,2,1,206141,0.00010513487089843843
S,FLAT,100,2,2,151756,0.0002500737717948549
S,FLAT,100,2,3-4,158679,0.00044278076976553293
S,FLAT,100,2,5-8,113545,0.0012794843694955745
S,FLAT,100,2,9-16,73970,0.004811963200875355
S,FLAT,100,2,17-32,47276,0.023404222180651916
S,FLAT,100,2,33-64,29904,0.12716356402989568
S,FLAT,100,2,65-128,43467,0.5321827579417288
S,FLAT,100,2,129-256,5556,0.6297054634066774
S,FLAT,100,2,>=257,1221,0.560771420390561
S,FLAT,1000,1,1,237310,0.00018146301580738273
S,FLAT,1000,1,2,103483,0.0003453281766389165
S,FLAT,1000,1,3-4,80970,0.0005092248189916018
S,FLAT,1000,1,5-8,54068,0.0013649442311071244
S,FLAT,1000,1,9-16,35116,0.007302276962424536
S,FLAT,1000,1,17-32,22372,0.03479966413094493
S,FLAT,1000,1,33-64,14228,0.18867910930471604
S,FLAT,1000,1,65-128,8973,0.606241984416792
S,FLAT,1000,1,129-256,5671,0.9191704247073929
S,FLAT,1000,1,>=257,8641,0.9948953108273781
S,FLAT,1000,2,1,236570,7.2890274945048e-05
S,FLAT,1000,2,2,103304,0.0002689082404843955
S,FLAT,1000,2,3-4,80592,0.000599615579089736
S,FLAT,1000,2,5-8,54059,0.001383710426628776
S,FLAT,1000,2,9-16,35251,0.006365600942615103
S,FLAT,1000,2,17-32,22346,0.03220014470570796
S,FLAT,1000,2,33-64,14191,0.17247096049542843
S,FLAT,1000,2,65-128,8994,0.5975988658237436
S,FLAT,1000,2,129-256,5670,0.9325600921792329
S,FLAT,1000,2,>=257,8646,0.9966330280078938
S,FLAT,30,1,1,97623,-8.54040783806071e-06
S,FLAT,30,1,2,121439,1.9366156182322003e-05
S,FLAT,30,1,3-4,201607,5.842823421619783e-05
S,FLAT,30,1,5-8,190496,0.0001653167914286914
S,FLAT,30,1,9-16,127579,0.00026534761365996755
S,FLAT,30,1,17-32,148530,0.0005705096140089544
S,FLAT,30,1,33-64,65129,0.0016290648594999924
S,FLAT,30,1,65-128,3161,0.0016539928770563112
S,FLAT,30,1,129-256,1317,0.0005151608176727411
S,FLAT,30,1,>=257,727,0.001131375193431912
S,FLAT,30,2,1,97756,-4.9779153581365845e-05
S,FLAT,30,2,2,121388,5.242905239809535e-05
S,FLAT,30,2,3-4,201611,-1.0983306807416278e-06
S,FLAT,30,2,5-8,190010,7.689510996131783e-05
S,FLAT,30,2,9-16,127646,-9.115634009291326e-06
S,FLAT,30,2,17-32,148079,5.299806448331632e-05
S,FLAT,30,2,33-64,65531,4.5798487786314864e-05
S,FLAT,30,2,65-128,3210,-0.000244140625
S,FLAT,30,2,129-256,1296,0.0005274643132716049
S,FLAT,30,2,>=257,723,-0.000244140625
S,FLAT,300,1,1,240912,9.62326233230391e-05
S,FLAT,300,1,2,131123,0.00040410567808946563
S,FLAT,300,1,3-4,112810,0.00068662792388751
S,FLAT,300,1,5-8,76959,0.0018478824002472094
S,FLAT,300,1,9-16,49645,0.008054781723675597
S,FLAT,300,1,17-32,31813,0.04074539195602034
S,FLAT,300,1,33-64,20148,0.20751841645262556
S,FLAT,300,1,65-128,12644,0.6407713607986001
S,FLAT,300,1,129-256,8057,0.9421661857992274
S,FLAT,300,1,>=257,12683,0.9916347523813865
S,FLAT,300,2,1,240333,0.00012617889000626217
S,FLAT,300,2,2,130549,0.00038397602085711113
S,FLAT,300,2,3-4,112668,0.0007499304510819398
S,FLAT,300,2,5-8,77231,0.0022160113864979738
S,FLAT,300,2,9-16,49523,0.008681005266807847
S,FLAT,300,2,17-32,31657,0.04593837824918265
S,FLAT,300,2,33-64,20236,0.2233672450243378
S,FLAT,300,2,65-128,12749,0.6591016904205722
S,FLAT,300,2,129-256,7999,0.950999764863186
S,FLAT,300,2,>=257,12683,0.9930539749627947
S,RAW,RAW,1,1,223105,7.409518325172005e-05
S,RAW,RAW,1,2,86478,0.00022996839694777862
S,RAW,RAW,1,3-4,65516,0.0005495586240384028
S,RAW,RAW,1,5-8,43256,0.0018364955873173662
S,RAW,RAW,1,9-16,28153,0.007179579760038895
S,RAW,RAW,1,17-32,18095,0.034406315302051675
S,RAW,RAW,1,33-64,11280,0.1722735898714539
S,RAW,RAW,1,65-128,7208,0.5553884897856548
S,RAW,RAW,1,129-256,4572,0.8683035409148075
S,RAW,RAW,1,>=257,6746,0.9881934520224949
S,RAW,RAW,2,1,222776,2.5188207549287154e-05
S,RAW,RAW,2,2,85908,0.0002796755504434977
S,RAW,RAW,2,3-4,65225,0.0006450889648811805
S,RAW,RAW,2,5-8,43414,0.0016676850533526052
S,RAW,RAW,2,9-16,28145,0.006044720629219222
S,RAW,RAW,2,17-32,17892,0.027533637152777776
S,RAW,RAW,2,33-64,11468,0.15427277601260028
S,RAW,RAW,2,65-128,7182,0.5238438571472083
S,RAW,RAW,2,129-256,4542,0.8654537898021246
S,RAW,RAW,2,>=257,6756,0.9895427155028863
